Age,Gender,Education,Income,Employment Experience,Home Ownership,Loan Amount,Loan Intent,Loan Interest Rate,Loan Percent Income,Credit History Length,Credit Score,Previous Loan Defaults,Loan_Status
22,0,3,102985,0,3,35000,5,10.37,0.34,4,621,0,1
23,1,1,114860,3,3,35000,5,7.9,0.3,2,573,0,1
23,0,0,138998,0,3,35000,1,7.9,0.25,4,583,0,0
22,1,3,106566,0,3,28000,5,9.91,0.26,3,604,0,1
26,1,0,256862,2,0,35000,1,10.65,0.14,2,643,0,1
25,1,1,60829,0,3,25000,2,5.99,0.41,2,588,0,1
26,1,1,58602,8,3,25000,5,18.43,0.43,2,595,0,1
23,1,3,17755,1,2,4000,0,11.01,0.23,3,580,0,1
26,1,3,241030,3,0,15000,1,14.79,0.06,3,626,1,0
25,1,3,240895,2,0,15500,0,11.99,0.06,2,659,0,0
25,1,3,18449,1,2,5375,1,5.79,0.29,2,645,0,1
25,1,1,90938,1,3,25000,0,10.36,0.27,2,577,0,1
26,1,0,228774,3,0,20000,5,12.18,0.09,4,669,1,0
23,1,3,19062,2,2,4000,0,13.98,0.21,4,667,0,1
23,0,0,18926,0,2,4600,5,10.99,0.24,2,688,0,1
24,1,0,111673,4,3,25000,2,16.77,0.22,4,600,0,1
21,1,4,18773,0,2,3175,2,11.54,0.17,3,686,0,1
23,0,0,19312,4,0,2800,4,8.49,0.14,3,661,0,1
25,1,3,192351,1,3,30000,4,17.27,0.16,4,577,0,1
22,0,3,121617,2,3,25000,0,14.96,0.21,2,629,0,1
23,1,4,178660,2,3,25000,0,14.93,0.14,3,590,0,1
23,0,3,20421,0,0,5600,3,12.84,0.27,4,587,0,1
25,1,1,63361,2,3,24000,4,10.74,0.38,2,592,0,1
26,1,0,79222,7,3,24000,0,11.01,0.3,2,616,0,1
26,1,4,83953,2,3,24000,0,15.83,0.29,3,646,0,1
21,0,4,22882,0,2,4900,2,14.54,0.21,4,674,0,1
24,1,0,106607,1,3,23000,5,14.54,0.22,2,641,0,1
24,1,1,73043,0,3,22000,5,14.26,0.3,2,593,0,1
25,0,4,94168,3,3,22000,4,11.48,0.23,3,719,0,1
25,1,3,23948,3,2,3000,1,11.99,0.13,4,587,0,1
26,1,0,23955,2,2,9250,1,11.01,0.39,2,618,0,1
25,0,0,24121,1,2,1000,5,11.01,0.04,3,612,1,0
26,1,1,117297,4,3,21000,1,11.01,0.18,3,570,1,0
23,0,3,39416,0,3,20000,0,12.61,0.51,4,593,0,1
25,1,1,47473,3,3,20000,4,11.22,0.42,4,633,0,1
23,1,3,58236,2,3,20000,3,14.96,0.34,3,588,0,1
23,1,4,65733,0,3,20000,0,14.84,0.3,3,592,0,1
23,0,1,73286,3,3,20000,1,12.21,0.27,2,687,0,1
26,1,1,70484,4,3,20000,0,10.25,0.28,2,590,0,1
23,0,1,79348,0,3,20000,3,10.37,0.25,2,703,0,1
23,1,1,81580,1,3,20000,3,11.11,0.25,2,607,1,0
21,1,0,26112,0,0,4500,2,11.01,0.17,2,608,0,1
25,1,1,26559,2,0,8500,5,9.63,0.32,4,686,1,0
24,1,1,83573,1,3,20000,2,14.82,0.24,4,693,0,1
23,0,3,74473,0,3,20000,3,11.14,0.27,2,460,0,1
26,1,1,76420,2,3,20000,3,13.85,0.26,3,656,0,1
24,0,4,95807,5,3,20000,2,14.11,0.21,2,678,0,1
25,1,3,110319,1,3,20000,1,14.35,0.18,3,572,1,0
25,0,3,106741,1,3,20000,2,16.35,0.19,3,650,0,1
25,1,1,120866,1,3,20000,2,13.06,0.17,2,563,1,0
23,0,3,48233,2,3,19000,1,10.62,0.39,2,606,0,1
24,1,3,29212,1,0,7000,0,10.38,0.24,3,607,1,0
22,1,1,44761,0,3,18725,5,6.54,0.42,3,667,0,1
21,1,0,44065,0,3,18500,1,10.91,0.42,3,690,0,1
21,1,1,38061,1,3,18000,1,13.48,0.47,4,693,0,1
25,1,4,48986,3,3,18000,3,13.11,0.37,3,675,0,1
24,0,3,52304,0,3,18000,0,11.03,0.34,2,487,0,1
24,0,3,52468,4,3,18000,3,7.9,0.34,2,608,0,1
24,1,3,71798,1,3,18000,2,14.96,0.25,4,603,0,1
26,0,4,71618,1,3,18000,5,16.0,0.25,4,675,0,1
21,1,0,30359,0,0,4000,5,15.05,0.13,4,616,1,0
23,1,0,31092,3,2,7200,3,8.49,0.23,2,511,1,0
22,0,4,42672,0,3,16800,4,10.99,0.39,4,660,0,1
22,0,1,61297,2,3,16800,3,12.53,0.27,3,577,0,1
24,1,0,66074,0,3,16750,4,20.0,0.25,2,660,0,1
25,0,1,68083,0,3,16500,2,12.8,0.24,3,688,0,1
24,1,4,43637,0,3,16000,4,11.01,0.37,4,651,0,1
22,1,3,49029,1,3,16000,1,8.88,0.33,3,658,0,1
24,1,1,54104,2,3,16000,3,7.49,0.3,2,600,0,1
26,0,4,31026,1,0,12000,5,12.09,0.39,2,687,0,1
22,0,3,54957,0,3,16000,0,10.59,0.29,4,597,0,1
25,0,0,59662,1,3,16000,0,11.01,0.27,4,672,0,1
21,0,3,31293,3,0,6500,4,14.26,0.21,2,616,0,1
26,1,4,65861,0,3,16000,5,14.83,0.24,2,638,0,1
23,0,3,31658,3,0,7850,0,13.49,0.25,4,522,1,0
22,0,1,69691,0,3,16000,2,17.15,0.23,4,532,0,1
24,1,3,71664,0,3,16000,3,16.45,0.22,2,587,0,1
25,0,0,42802,3,3,1000,3,13.98,0.02,3,631,1,0
22,1,3,43958,0,3,1000,3,9.88,0.02,3,600,1,0
22,1,3,32673,0,0,1550,2,11.01,0.05,2,630,0,1
22,0,4,18301,0,3,1200,4,10.37,0.07,2,687,1,0
21,0,3,28729,0,3,1350,5,9.99,0.05,2,641,1,0
23,1,1,33656,4,0,1925,5,11.01,0.06,3,631,1,0
24,0,4,33571,0,0,8000,4,7.29,0.24,3,620,1,0
24,1,0,33599,0,3,1500,3,16.29,0.04,4,681,0,1
25,1,1,36983,3,3,1500,1,16.82,0.04,3,652,0,1
25,0,1,41906,1,3,1500,3,16.82,0.04,4,559,0,1
22,0,0,34500,0,0,10000,4,10.99,0.29,3,586,0,0
21,1,4,51309,0,3,1500,1,5.79,0.03,3,696,1,0
24,0,4,47453,2,3,1500,1,8.49,0.03,3,607,0,1
21,1,4,63326,0,3,1500,1,11.99,0.02,3,711,1,0
24,1,1,18973,0,3,1600,3,7.51,0.08,3,647,1,0
24,0,0,35706,2,0,10000,4,11.01,0.28,2,661,1,0
24,0,1,13148,1,3,2000,0,10.25,0.15,2,623,0,1
23,1,1,15412,0,3,2000,1,7.74,0.13,4,528,0,1
26,1,1,18104,2,3,2000,4,17.49,0.11,4,651,0,1
25,0,0,29829,4,3,2000,3,16.59,0.07,2,612,1,0
24,1,1,241182,3,3,15000,1,10.59,0.06,4,689,0,0
25,0,1,35409,2,3,14800,3,7.49,0.42,3,448,0,1
24,0,4,48729,2,3,2000,4,11.99,0.04,4,657,1,0
23,0,3,96803,0,3,2000,5,9.99,0.02,4,607,1,0
24,0,3,65420,4,3,2100,2,17.14,0.03,4,645,0,1
26,1,4,132985,4,3,2100,0,7.12,0.02,2,687,1,0
22,1,1,39517,0,3,14000,1,12.23,0.35,3,580,0,1
23,0,3,16718,0,3,2400,4,16.82,0.14,3,605,0,1
24,1,4,20806,2,3,2400,3,13.98,0.12,4,707,0,1
22,1,1,30740,0,3,2400,1,13.61,0.08,4,676,0,0
21,0,0,41935,1,3,2400,2,10.83,0.06,4,659,0,1
24,1,4,37260,2,0,6000,0,13.57,0.16,2,634,0,0
23,0,3,60959,1,3,2400,4,11.83,0.04,2,655,1,0
22,1,0,70218,1,3,2400,4,15.23,0.03,3,661,1,0
22,0,0,61193,0,3,13350,0,14.59,0.22,2,586,0,1
24,1,3,38306,4,0,5000,1,5.42,0.13,2,637,0,0
26,0,3,34972,6,3,13000,3,16.29,0.37,3,686,0,1
26,0,1,35681,3,3,13000,2,14.46,0.36,2,600,0,1
25,1,1,43121,3,3,13000,3,13.22,0.3,2,582,0,1
22,1,1,44367,0,3,13000,0,11.14,0.29,4,684,0,1
25,0,1,38469,5,0,2400,2,17.58,0.06,4,547,0,1
22,0,1,38545,0,2,14000,1,9.91,0.36,3,671,1,0
22,0,0,38291,0,0,11225,0,11.01,0.29,2,569,0,1
23,1,3,41346,1,3,2500,1,11.66,0.06,2,677,1,0
23,1,1,76782,4,3,2500,1,14.72,0.03,2,661,0,0
23,0,4,16451,2,3,2800,4,15.21,0.17,2,682,0,1
26,0,4,36884,4,3,2800,5,14.65,0.08,3,640,1,0
22,1,4,33465,0,3,2925,4,10.71,0.09,4,625,1,0
25,0,3,40534,1,0,4400,1,8.0,0.11,3,626,1,0
24,1,3,49243,2,3,3000,1,17.27,0.06,2,649,0,1
25,0,3,41914,2,0,10000,0,12.42,0.24,3,586,1,0
24,1,3,64516,1,3,12000,3,12.53,0.19,4,625,1,0
21,0,0,67003,0,3,12000,5,10.62,0.18,2,600,0,0
22,1,0,69512,2,3,12000,1,13.11,0.17,2,565,1,0
26,0,0,73546,2,3,3000,5,15.62,0.04,2,673,0,0
26,0,0,73858,1,3,3000,2,12.22,0.04,4,681,1,0
22,1,0,70631,2,3,3000,1,9.07,0.04,2,586,0,1
24,0,1,35820,1,0,6000,3,15.62,0.17,3,653,0,1
23,1,1,90933,1,3,3000,4,11.01,0.03,2,595,1,0
24,1,3,171265,1,3,3000,0,7.88,0.02,2,642,1,0
22,0,1,20983,0,3,3050,1,9.91,0.15,3,612,0,1
26,0,3,42901,6,0,8000,3,5.42,0.19,2,673,1,0
23,0,4,22337,2,3,3200,2,11.01,0.14,4,586,0,1
24,0,4,43249,2,0,2950,3,11.01,0.07,4,618,0,0
23,0,3,38298,1,3,3200,1,11.49,0.08,4,690,0,0
26,0,3,74613,4,3,3200,4,9.91,0.04,2,653,1,0
24,1,3,20315,2,3,3250,5,12.42,0.16,4,698,0,1
22,0,4,21770,1,3,3250,0,6.91,0.15,2,594,0,1
22,0,3,43047,0,2,3000,5,7.9,0.07,4,555,0,0
22,1,3,43465,0,3,3250,1,6.54,0.07,3,504,1,0
21,1,3,42659,0,3,3500,3,9.62,0.08,2,629,1,0
24,0,0,48911,3,3,3500,5,11.01,0.07,2,664,1,0
23,0,4,47905,0,3,3500,1,11.86,0.07,4,685,0,1
22,1,1,61400,0,3,3500,5,7.14,0.06,4,591,1,0
21,1,0,36965,0,0,13250,2,13.99,0.36,3,634,0,1
22,0,1,69655,1,3,3500,1,12.61,0.05,2,686,1,0
25,0,4,26900,7,3,3600,4,10.99,0.13,4,663,0,0
21,0,3,30888,0,3,3600,3,14.09,0.12,3,561,0,1
22,0,0,44171,0,0,10000,0,5.42,0.23,3,604,1,0
25,1,3,41537,2,3,3600,2,16.02,0.09,2,664,0,1
24,1,0,37322,1,0,10000,2,14.22,0.27,3,685,0,1
24,0,0,41973,3,3,10800,4,14.42,0.26,4,638,0,1
26,0,1,54950,7,3,10800,3,6.17,0.2,3,702,0,0
23,0,0,71112,1,3,10800,3,16.29,0.15,3,662,0,1
21,0,4,42295,0,3,10500,1,8.49,0.25,3,649,0,1
23,1,1,62003,2,3,10400,0,11.01,0.17,2,701,0,0
23,1,3,45797,2,0,3200,1,12.68,0.07,2,649,1,0
25,1,1,63649,4,3,3600,3,13.99,0.06,2,678,0,1
22,1,0,112283,0,3,3600,2,16.77,0.03,3,592,0,1
25,1,0,38924,3,1,10000,2,12.53,0.26,3,503,0,1
26,0,0,29845,0,3,3625,2,11.11,0.12,4,667,0,1
25,0,4,46727,4,0,1500,3,10.62,0.03,3,670,1,0
22,0,1,19229,0,3,4000,1,10.08,0.21,2,631,0,1
24,1,0,22331,0,3,4000,0,11.01,0.18,3,653,0,1
21,1,0,24064,0,3,4000,1,14.35,0.17,3,633,0,1
25,0,4,24152,6,3,4000,0,11.01,0.17,3,649,0,1
26,0,3,26078,4,3,4000,3,11.36,0.15,2,610,1,0
22,1,3,37181,0,3,4000,4,11.01,0.11,4,491,1,0
25,1,4,36007,2,3,4000,2,14.54,0.11,3,653,0,1
21,1,0,35619,0,3,4000,1,14.83,0.11,4,623,0,1
25,0,4,42911,3,3,4000,1,7.51,0.09,3,683,0,0
22,0,4,40106,0,3,4000,5,11.01,0.1,2,722,0,1
25,1,4,42032,0,3,4000,2,11.01,0.1,2,540,0,1
23,0,3,44146,0,3,4000,3,10.99,0.09,4,617,0,1
26,1,0,40629,0,0,3000,4,12.69,0.07,4,620,0,1
22,0,0,49170,3,0,6000,3,12.42,0.12,4,644,1,0
24,1,1,55095,1,3,4000,0,15.99,0.07,4,678,0,1
23,1,4,66878,0,3,4000,3,10.99,0.06,2,707,0,0
24,1,3,67300,3,3,4000,1,11.26,0.06,4,677,1,0
26,1,1,64458,3,3,4000,4,9.99,0.06,3,597,0,1
22,0,3,76200,0,3,4000,1,11.01,0.05,4,639,1,0
22,0,4,41757,0,0,4500,3,11.71,0.11,2,636,0,1
23,1,3,49036,3,0,5000,5,6.62,0.1,4,596,1,0
26,1,0,41682,6,0,5500,1,10.65,0.13,3,534,0,1
23,0,4,22557,0,3,4500,0,12.21,0.2,3,712,0,1
24,1,0,49073,0,0,10000,0,5.79,0.2,4,687,0,0
25,0,4,22958,3,3,4500,1,13.61,0.2,2,596,0,1
23,0,0,41668,0,0,4000,1,14.17,0.1,2,659,0,1
25,1,3,48690,2,0,4000,2,7.29,0.08,2,668,0,0
23,0,3,34450,0,3,4600,3,6.03,0.13,3,613,1,0
22,1,0,39191,0,3,4800,0,16.49,0.12,2,621,0,1
24,0,1,83789,1,3,4800,0,15.21,0.06,4,612,0,1
23,0,0,115035,0,3,10000,4,10.99,0.09,4,626,0,0
22,1,1,50615,0,2,14400,4,11.01,0.28,4,685,1,0
24,0,1,145120,3,3,10000,2,13.61,0.07,4,675,1,0
26,1,0,147530,2,3,10000,3,10.65,0.07,3,677,1,0
22,1,4,36318,0,3,9975,1,11.01,0.27,2,645,0,1
22,0,3,100458,0,3,9975,0,11.01,0.1,3,592,1,0
25,0,3,39805,3,3,4900,3,11.49,0.12,2,586,0,1
23,1,0,37004,1,3,5000,2,12.99,0.14,2,660,0,1
26,0,1,37393,4,3,5000,0,14.42,0.13,4,597,0,1
22,1,0,37004,0,3,5000,1,10.33,0.14,3,624,0,0
23,1,1,39310,2,3,5000,0,8.0,0.13,3,640,1,0
22,1,1,44476,2,0,7000,0,14.84,0.16,3,595,0,1
21,0,1,40299,0,3,5000,1,12.84,0.12,2,611,1,0
26,1,1,35609,4,3,5000,3,12.99,0.14,2,661,0,1
22,0,0,37022,0,3,5000,3,17.43,0.14,2,636,0,1
25,1,3,44742,2,3,5000,0,6.54,0.11,2,611,1,0
26,1,1,44136,2,0,5000,2,12.29,0.11,3,634,0,1
23,1,3,51606,0,0,8500,1,7.74,0.16,3,594,0,0
26,0,0,39391,3,3,5000,5,14.84,0.13,4,661,0,1
24,1,0,46989,4,3,5000,3,10.99,0.11,2,545,1,0
24,0,3,52026,0,0,4800,4,7.51,0.09,2,602,0,0
24,1,1,49029,2,3,5000,0,12.42,0.1,3,574,1,0
24,0,1,45404,5,0,10000,2,11.01,0.22,2,668,0,1
22,0,1,52313,0,0,2000,1,11.01,0.04,3,660,0,0
23,1,1,58600,0,3,5000,0,6.17,0.09,4,665,1,0
23,0,1,53918,0,3,5000,2,16.77,0.09,2,569,0,1
23,0,3,68170,0,3,9000,1,13.35,0.13,3,579,1,0
26,0,0,53863,2,0,8475,2,6.91,0.16,4,668,1,0
22,1,4,46769,0,0,3600,0,17.27,0.08,4,612,0,1
22,0,1,133366,0,3,9000,1,5.79,0.07,4,607,0,0
22,0,0,54766,0,0,5000,4,6.99,0.09,3,688,1,0
24,1,1,47899,3,0,7000,0,7.49,0.15,3,610,0,1
25,1,0,37232,2,3,8500,1,13.98,0.23,4,598,1,0
22,0,3,57383,0,3,8500,4,11.01,0.15,4,623,0,1
24,0,1,54936,1,2,11000,5,7.49,0.2,2,619,1,0
23,1,4,54851,0,0,10000,1,11.11,0.18,3,574,1,0
23,0,3,65729,0,3,5000,1,13.43,0.08,4,651,1,0
22,1,1,60109,0,3,5000,1,15.62,0.08,4,588,0,1
26,0,1,67131,2,3,5000,5,13.48,0.07,4,650,1,0
25,0,3,67126,3,3,5000,0,11.01,0.07,4,539,1,0
23,1,0,73033,1,3,5000,5,16.49,0.07,2,575,1,0
24,0,0,74382,2,3,5000,2,11.01,0.07,2,544,1,0
24,0,0,89059,2,3,5000,2,12.99,0.06,4,660,1,0
20,1,3,113782,0,3,5000,1,16.02,0.04,3,520,1,0
23,0,0,104161,3,3,5000,4,14.84,0.05,2,507,0,1
22,1,3,123634,0,3,5000,4,19.03,0.04,3,639,1,0
22,1,1,37098,4,3,5300,1,17.99,0.14,4,589,0,1
24,0,3,22560,2,3,5400,3,15.99,0.24,3,535,0,1
26,1,1,100866,6,3,5450,1,7.9,0.05,4,577,1,0
25,0,3,22778,3,3,5500,4,11.71,0.24,2,626,0,1
23,0,3,31184,0,3,5500,4,9.32,0.18,4,614,0,0
23,1,0,43956,0,3,5500,1,17.14,0.13,3,445,1,0
25,0,0,50213,2,0,5000,1,11.78,0.1,3,664,0,1
24,0,1,57482,0,0,4000,4,11.49,0.07,3,647,1,0
22,0,4,50499,4,0,11500,0,11.58,0.23,3,659,0,1
22,1,1,58849,2,0,13000,5,10.99,0.22,3,638,0,0
24,1,1,58609,2,0,10000,3,7.49,0.17,3,615,1,0
23,1,1,38277,1,3,5775,4,9.63,0.15,4,506,0,1
21,0,3,22505,0,3,5800,0,14.72,0.26,4,651,0,1
22,0,4,58797,0,0,4000,4,9.63,0.07,2,665,0,0
24,1,4,56084,0,3,5975,1,14.46,0.11,2,665,0,1
21,0,4,19840,3,3,6000,5,9.63,0.3,3,688,0,1
21,1,1,24238,0,3,6000,4,9.88,0.25,2,608,0,1
25,1,1,23993,2,3,6000,2,13.11,0.25,2,670,0,1
23,0,1,27032,4,3,6000,5,13.47,0.22,3,645,1,0
24,1,4,31144,0,3,6000,3,7.49,0.19,2,641,1,0
21,0,3,31766,1,3,6000,0,7.49,0.19,2,651,1,0
24,1,3,37229,3,3,6000,3,13.49,0.16,2,580,1,0
24,0,1,36769,3,3,6000,0,13.49,0.16,3,705,1,0
22,1,0,36895,0,3,6000,4,10.37,0.16,2,647,1,0
22,0,0,58944,0,0,3000,0,11.01,0.05,2,530,1,0
22,1,3,41501,0,3,6000,1,12.86,0.14,4,655,0,1
26,0,1,36278,4,3,6000,2,13.35,0.17,4,640,0,1
25,0,3,43930,3,3,6000,3,11.01,0.14,4,662,1,0
21,0,0,48664,0,3,6000,1,10.08,0.12,3,655,0,0
25,1,0,60536,2,0,18650,5,7.9,0.31,4,620,1,0
23,0,0,55198,3,3,6000,0,12.53,0.11,2,676,1,0
24,1,1,61018,1,0,8000,4,10.99,0.13,3,652,0,0
26,1,4,60912,7,2,14400,4,7.49,0.24,4,593,1,0
26,0,1,53914,2,0,11500,4,9.63,0.21,3,686,0,1
24,1,3,64255,4,3,6000,2,9.91,0.09,4,611,1,0
22,1,0,65575,0,3,6000,1,7.42,0.09,3,623,0,0
26,1,1,58463,2,3,6000,4,16.45,0.1,4,617,0,1
23,0,3,65415,5,3,6000,0,15.62,0.09,4,643,0,1
22,0,4,37920,0,3,7025,1,6.54,0.19,4,673,0,1
22,1,4,13294,0,3,7000,2,12.21,0.53,2,652,0,1
23,1,4,22440,0,3,7000,4,7.88,0.31,4,533,0,1
25,0,3,29491,1,3,7000,3,11.01,0.24,2,575,1,0
26,1,1,29935,5,3,7000,4,12.99,0.23,3,663,0,0
23,0,0,61238,0,2,5000,5,8.94,0.08,3,637,1,0
25,1,3,69915,4,3,6000,5,11.28,0.09,2,620,0,1
23,0,3,53734,1,0,15000,4,12.18,0.28,3,521,0,1
21,1,3,54057,0,0,7500,5,12.92,0.14,4,645,0,1
25,0,4,94422,3,3,6000,4,9.63,0.06,4,654,0,0
22,0,0,53526,0,0,9000,5,14.11,0.17,3,619,0,1
25,1,0,108948,0,3,6000,2,7.88,0.06,3,657,0,0
22,1,1,127276,0,3,6000,1,11.99,0.05,4,599,1,0
24,0,3,62281,0,0,4500,1,8.9,0.07,4,676,1,0
26,1,1,46438,4,3,6025,0,10.99,0.13,3,664,1,0
26,1,0,62221,6,0,9000,2,9.99,0.14,3,652,1,0
23,1,1,61874,0,0,2400,0,7.49,0.04,3,603,1,0
23,0,0,54781,1,0,5000,3,10.74,0.09,2,647,0,1
23,0,3,55516,0,0,4400,0,13.16,0.08,3,509,0,1
24,1,1,63091,2,0,4000,3,7.51,0.06,2,662,0,0
22,0,0,62799,0,0,7500,1,9.88,0.12,3,658,1,0
25,0,0,56239,1,0,11000,2,12.68,0.2,2,584,0,1
26,1,3,87452,5,3,7000,4,9.32,0.08,2,597,1,0
22,1,0,92486,0,3,7000,1,11.12,0.08,2,662,0,0
21,0,0,63116,0,0,2000,4,15.62,0.03,4,625,0,0
25,0,3,63628,0,0,6000,4,8.49,0.09,3,631,1,0
22,1,3,62369,0,3,6300,1,15.96,0.1,4,636,0,0
26,1,1,31074,5,3,6500,3,14.09,0.21,2,703,0,1
24,0,0,63305,0,3,6600,2,11.01,0.1,3,599,1,0
23,1,1,57255,0,0,16000,3,14.35,0.28,3,687,0,1
23,0,1,85359,0,3,6725,0,6.62,0.08,2,625,0,0
25,1,3,64408,4,0,16000,3,12.53,0.25,2,603,1,0
23,1,3,56174,0,3,6800,5,15.65,0.12,4,666,0,1
23,1,0,58085,0,0,18000,3,10.95,0.31,3,609,0,1
23,0,0,39117,0,3,6400,1,8.9,0.16,4,687,1,0
24,1,1,73205,5,3,6400,0,11.01,0.09,4,728,0,0
22,0,1,76442,1,3,6400,1,8.49,0.08,3,586,1,0
24,0,0,91270,3,3,6400,5,10.36,0.07,4,619,1,0
22,0,0,132755,1,3,6400,3,9.32,0.05,4,568,1,0
24,1,3,57851,4,3,6900,3,9.88,0.12,2,539,1,0
21,0,4,37353,0,3,7000,4,10.99,0.19,2,608,0,1
22,1,3,36879,2,3,7000,3,17.58,0.19,2,524,0,1
24,0,3,45222,3,3,7000,3,7.51,0.15,4,561,1,0
23,0,1,66752,0,0,8000,4,14.35,0.12,4,610,1,0
25,1,1,59829,0,0,5000,4,9.88,0.08,2,595,0,1
22,1,3,48733,0,3,7000,3,7.9,0.14,2,489,1,0
25,1,0,48477,2,3,7000,0,8.94,0.14,3,680,0,0
22,1,4,43352,0,3,7000,3,18.09,0.16,2,672,0,1
25,1,1,59530,0,0,18200,3,11.99,0.31,4,662,0,1
21,1,3,67000,0,0,12000,4,5.42,0.18,2,609,1,0
25,1,1,66791,3,0,24200,0,8.49,0.36,3,648,1,0
25,0,3,56333,3,3,7000,3,8.49,0.12,3,545,1,0
23,1,3,60736,1,3,7000,1,7.51,0.12,4,659,1,0
23,1,0,38068,0,3,7200,0,14.54,0.19,3,648,0,1
22,0,3,59683,0,0,10000,1,8.0,0.17,2,597,0,1
24,1,3,66649,0,0,1600,0,13.79,0.02,2,517,1,0
22,1,1,61090,0,3,7200,0,11.01,0.12,4,600,1,0
23,0,1,67208,0,2,10500,3,13.16,0.16,4,592,1,0
24,0,1,15935,2,3,7350,5,6.92,0.46,2,710,0,1
23,1,1,26467,0,3,7500,4,7.14,0.28,3,609,0,1
22,0,3,68975,0,0,6500,3,10.65,0.09,2,608,1,0
21,1,3,45480,0,3,7500,2,14.84,0.16,2,658,0,1
26,0,0,53824,2,3,7500,2,16.4,0.14,3,627,0,1
22,1,4,70317,1,0,4000,0,11.01,0.06,2,640,1,0
25,1,0,29878,7,3,7700,4,8.9,0.26,3,690,0,1
25,1,4,120770,1,3,7750,4,9.99,0.06,4,591,0,1
25,1,0,52676,5,3,7800,5,7.14,0.15,3,627,1,0
24,0,1,55085,2,3,7800,4,7.51,0.14,3,610,1,0
24,1,0,19837,1,3,8000,2,13.57,0.4,2,675,0,1
24,0,3,24712,2,3,8000,1,10.99,0.32,4,677,0,1
22,0,1,64462,1,0,25000,1,13.8,0.39,3,631,0,1
23,0,1,35960,4,3,8000,1,12.73,0.22,3,521,0,1
24,1,1,46082,3,3,8000,3,7.29,0.17,2,630,1,0
22,1,0,73010,0,0,18000,0,12.99,0.25,2,521,1,0
26,1,1,66266,7,0,8500,1,5.42,0.13,3,536,0,1
22,0,4,49054,0,3,8000,1,12.18,0.16,4,602,1,0
24,1,4,44099,0,3,8000,4,15.28,0.18,3,635,0,1
24,1,0,44116,2,3,8000,5,14.96,0.18,2,683,0,1
25,0,1,54749,3,3,8000,4,10.38,0.15,3,696,1,0
22,0,0,72952,3,0,8800,1,10.37,0.12,4,689,0,0
25,0,0,73245,3,0,5000,5,7.29,0.07,2,658,1,0
25,0,1,72982,5,0,13000,3,14.17,0.18,3,691,0,0
22,0,1,73106,3,0,2000,4,6.54,0.03,3,660,0,0
24,1,4,65723,4,3,8000,3,8.07,0.12,4,661,0,0
23,1,3,65570,0,0,7500,3,15.58,0.11,2,625,0,1
22,1,4,66050,0,3,8000,1,13.48,0.12,3,577,0,1
21,0,3,56319,0,3,5200,5,17.27,0.09,4,653,0,1
24,0,0,20891,0,3,5000,1,14.22,0.24,4,642,0,1
23,0,3,21210,0,3,5000,3,6.54,0.24,2,639,0,1
21,0,1,25106,0,3,5000,3,11.01,0.2,3,636,0,1
26,1,1,65556,2,0,8000,0,11.89,0.12,2,708,0,1
24,1,1,29879,1,3,5000,0,7.51,0.17,2,559,1,0
21,1,0,31100,0,3,5000,0,12.86,0.16,2,642,0,1
22,0,4,33751,0,3,5000,1,13.11,0.15,3,697,0,0
24,0,3,74237,3,0,10000,4,15.65,0.13,3,530,1,0
25,1,3,74502,7,0,7000,1,5.79,0.09,4,648,0,0
26,1,1,67287,8,0,10000,0,7.51,0.15,3,639,0,1
26,1,3,74170,3,2,1500,2,12.84,0.02,2,623,0,0
24,1,3,74611,1,0,3200,5,11.49,0.04,2,641,1,0
25,1,3,83680,4,3,8000,2,13.99,0.1,2,659,0,1
22,0,3,108789,0,3,8000,1,7.49,0.07,3,624,1,0
22,1,4,75405,0,2,10000,5,11.58,0.13,2,628,1,0
23,1,0,111537,1,3,8000,0,11.49,0.07,4,669,1,0
24,1,3,75371,2,0,8000,2,10.08,0.11,3,657,0,0
26,1,4,116847,3,3,8000,0,13.61,0.07,3,704,1,0
23,0,0,108167,1,3,8000,0,14.74,0.07,3,552,0,1
24,0,3,132960,6,3,8000,4,5.99,0.06,3,688,1,0
23,0,0,157085,0,3,8000,3,11.99,0.05,3,675,1,0
23,1,1,75535,0,0,7000,3,13.06,0.09,4,611,0,0
24,1,1,76342,1,0,16000,0,10.38,0.21,3,651,1,0
23,0,3,47971,1,3,8400,4,13.79,0.18,2,574,0,1
26,1,4,63756,3,3,8400,3,13.99,0.13,2,699,1,0
23,1,3,56709,2,3,8400,3,16.89,0.15,3,623,0,1
26,1,3,59862,4,3,8400,5,18.25,0.14,4,649,0,1
25,0,0,67099,4,3,8400,1,13.72,0.13,3,677,0,0
23,0,1,22364,0,3,8500,2,11.01,0.38,3,644,0,1
22,1,4,32245,1,3,9000,3,10.59,0.28,2,602,0,1
25,0,3,36659,1,3,9000,0,17.58,0.25,4,672,0,1
21,1,1,41392,0,3,9000,4,11.86,0.22,4,652,0,1
22,0,3,52446,1,3,9000,1,14.54,0.17,4,630,1,0
24,0,0,78918,4,0,6000,4,10.99,0.08,2,640,1,0
26,0,0,61171,2,3,9000,2,7.66,0.15,3,540,1,0
24,0,0,62062,3,3,9000,3,5.79,0.15,3,687,0,0
24,0,4,79146,2,0,2000,2,5.42,0.03,3,631,1,0
21,0,0,36779,0,3,9200,0,6.62,0.25,3,564,0,1
21,1,4,72043,0,0,25000,3,9.99,0.35,4,624,0,1
24,0,1,78912,4,0,2000,3,9.62,0.03,3,659,1,0
25,1,3,79126,1,0,7000,5,14.72,0.09,3,486,1,0
24,1,1,41389,3,3,9450,4,7.66,0.23,2,651,0,1
26,1,0,34559,2,3,9500,3,8.94,0.27,4,504,0,1
23,1,1,42028,1,3,9500,5,11.01,0.23,3,685,0,1
22,0,1,71937,0,1,12000,3,11.01,0.17,3,529,0,1
25,0,4,37969,4,3,9600,0,16.77,0.25,3,674,0,1
22,0,1,72794,1,0,14000,1,7.49,0.19,2,708,0,1
22,1,1,78745,0,3,9600,3,11.97,0.12,2,623,1,0
24,1,0,79471,1,3,9600,0,8.49,0.12,2,651,0,0
24,1,1,79868,3,3,9600,4,11.26,0.12,3,696,1,0
24,1,1,94685,0,3,9600,0,14.42,0.1,2,591,0,1
25,0,1,80399,1,0,4000,3,12.18,0.05,3,620,1,0
24,1,3,80776,0,0,1400,5,12.53,0.02,4,527,1,0
23,0,0,25981,0,3,10000,4,12.21,0.38,4,628,0,1
26,1,4,27236,5,3,10000,3,14.59,0.37,2,603,0,1
24,0,0,29650,4,3,10000,0,10.38,0.34,4,621,0,1
26,1,0,31122,1,3,10000,4,11.01,0.32,4,647,0,1
25,0,1,31286,0,3,10000,0,7.66,0.32,4,609,0,1
23,1,3,31313,2,3,10000,5,11.83,0.32,3,603,0,1
24,1,1,33847,3,3,10000,0,12.73,0.3,2,656,0,1
24,0,4,35464,4,3,10000,5,10.74,0.28,2,681,0,1
23,1,1,82425,4,0,12000,5,7.51,0.15,3,628,1,0
26,0,0,37135,2,3,10000,0,6.99,0.27,4,634,0,1
22,0,0,82681,1,0,9000,1,15.27,0.11,2,691,0,0
22,0,0,36904,0,3,10000,0,10.37,0.27,4,639,0,1
21,0,1,37083,0,3,10000,3,11.14,0.27,2,653,0,1
22,0,3,37007,0,3,10000,3,12.53,0.27,4,596,0,1
24,0,0,38059,4,3,10000,5,14.65,0.26,2,592,0,1
23,0,1,38635,1,3,10000,3,7.51,0.26,2,607,0,1
25,1,0,75600,5,2,4000,4,18.39,0.05,2,590,0,1
23,1,1,76040,1,0,10000,0,15.7,0.13,3,697,0,1
24,0,4,43007,4,3,10000,0,12.73,0.23,4,636,1,0
25,0,4,46047,4,3,10000,3,15.96,0.22,4,587,1,0
26,0,0,84776,5,0,20000,2,14.27,0.24,4,606,1,0
24,1,1,47229,4,3,10000,0,10.38,0.21,3,602,1,0
22,1,1,41978,3,3,10000,1,11.01,0.24,3,653,0,1
22,1,0,78027,0,0,6000,0,11.01,0.08,2,532,0,1
22,1,3,45613,2,3,10000,4,11.01,0.22,2,689,0,1
25,0,3,54597,2,3,10000,0,11.89,0.18,3,582,0,0
23,0,1,37207,4,3,4275,1,11.86,0.11,4,651,0,0
26,0,1,77941,3,0,8000,0,12.17,0.1,4,690,0,1
26,1,4,67105,4,0,2500,3,7.66,0.04,3,691,0,1
26,1,0,84415,4,3,4075,4,5.42,0.05,3,600,0,0
24,0,3,18022,0,3,4050,3,6.91,0.22,4,638,0,1
25,1,1,58390,3,3,10000,1,11.86,0.17,3,703,0,0
22,1,0,51076,3,3,10000,3,16.32,0.2,4,647,0,1
23,1,1,51685,0,3,10000,0,11.01,0.19,3,563,0,1
24,1,1,87435,3,2,9000,2,7.49,0.1,4,670,0,0
23,1,1,55997,0,3,10000,2,13.43,0.18,4,667,0,1
26,1,3,79722,4,0,15000,0,14.42,0.19,2,561,0,1
21,1,1,57770,0,3,10000,3,15.33,0.17,4,715,0,1
23,1,4,70967,0,3,10000,3,7.49,0.14,4,677,1,0
26,0,1,64484,0,3,10000,5,12.8,0.16,3,611,0,1
24,1,4,72377,5,3,10000,2,5.99,0.14,3,657,1,0
23,1,1,89757,1,0,10000,1,11.01,0.11,2,669,0,0
26,0,0,70554,8,0,15000,3,11.01,0.21,3,661,0,1
24,0,4,90234,0,2,25000,5,11.01,0.28,4,499,1,0
25,1,0,71373,1,0,5300,3,19.91,0.07,2,576,0,1
23,0,1,65543,0,3,10000,1,14.42,0.15,3,674,0,1
26,1,3,84080,0,0,14400,4,10.65,0.17,3,577,0,1
24,1,1,91042,3,0,16000,5,6.62,0.18,2,674,1,0
26,1,1,91064,4,0,12500,2,5.99,0.14,2,588,0,0
22,1,0,90718,1,0,11000,1,5.42,0.12,2,651,1,0
26,0,4,79169,0,3,10000,2,14.27,0.13,4,621,1,0
25,0,0,83740,0,0,15000,0,14.54,0.18,3,668,0,1
24,1,0,83321,0,3,10000,0,6.17,0.12,4,510,1,0
24,0,3,90969,1,0,15000,3,7.51,0.16,2,663,0,0
24,1,3,89871,0,3,10000,2,14.54,0.11,2,660,0,1
23,0,0,90920,4,0,9500,3,11.01,0.1,4,682,1,0
22,1,1,92561,0,0,15000,1,10.99,0.16,3,673,1,0
25,0,3,92027,4,0,6000,4,12.98,0.07,2,635,1,0
26,0,0,92928,6,0,12800,4,6.92,0.14,4,693,1,0
22,1,3,73493,0,0,35000,3,16.89,0.48,3,616,0,1
26,0,0,48728,1,3,10200,3,11.01,0.21,3,613,0,0
23,1,1,33663,1,3,11000,0,8.59,0.33,4,608,0,1
25,0,1,39586,1,3,11000,0,7.66,0.28,3,632,0,1
25,0,3,94541,3,0,30000,4,11.01,0.32,4,532,1,0
24,0,1,87477,0,0,14000,1,14.65,0.16,4,593,0,1
24,0,0,35610,0,3,11000,1,15.05,0.31,4,655,0,1
25,1,3,94447,5,0,2400,0,11.86,0.03,4,681,0,0
24,0,0,74778,0,0,13500,3,10.83,0.18,2,613,0,1
22,0,1,94937,0,0,5000,5,17.49,0.05,3,560,1,0
26,0,3,89537,6,0,15000,1,9.91,0.17,3,631,0,1
24,0,0,96736,0,0,12000,5,6.62,0.12,2,636,0,0
26,1,0,86443,4,3,11600,3,10.99,0.13,2,674,0,0
22,0,3,96971,0,0,16000,1,11.99,0.16,3,522,1,0
22,0,1,38823,0,3,12000,0,5.42,0.31,2,604,0,1
22,1,1,89796,0,0,19000,5,20.0,0.21,2,670,0,1
24,1,3,97188,0,0,24000,0,14.35,0.25,3,613,0,0
22,1,0,38690,0,3,12000,1,10.99,0.31,2,578,0,1
22,0,0,96956,0,0,6000,0,7.4,0.06,3,655,1,0
24,1,0,46559,3,3,12000,1,11.34,0.26,3,632,0,1
22,1,4,89746,2,0,25000,5,14.38,0.28,3,702,0,1
24,0,0,98467,0,0,3200,4,11.01,0.03,2,604,1,0
23,0,4,98891,0,0,2400,0,6.92,0.02,4,580,1,0
22,1,3,99315,3,0,7000,1,14.72,0.07,4,630,1,0
23,1,3,99265,0,0,5000,4,16.77,0.05,3,669,1,0
24,0,3,58693,0,3,12000,4,16.77,0.2,3,580,1,0
22,1,1,51300,0,3,12000,3,15.65,0.23,3,680,0,1
26,0,4,100533,6,0,17000,4,10.25,0.17,3,705,1,0
23,0,1,100990,0,0,14400,0,5.42,0.14,3,638,1,0
24,1,3,31276,0,3,3000,1,8.32,0.1,2,575,1,0
21,1,4,34093,0,3,3000,1,11.49,0.09,4,658,1,0
23,0,3,101496,1,0,25000,5,12.53,0.25,2,671,1,0
23,0,3,94995,4,0,8000,5,12.87,0.08,2,639,0,1
21,0,1,102195,0,2,12000,5,8.94,0.12,3,682,0,0
24,1,1,78812,2,3,12000,4,7.29,0.15,4,694,1,0
22,0,1,72043,0,3,12000,0,17.58,0.17,4,647,0,1
24,1,0,75596,1,0,5600,3,14.65,0.07,4,531,0,1
24,1,3,102969,1,2,10000,5,6.62,0.1,4,610,0,0
26,0,3,84906,1,3,12000,1,5.99,0.14,4,576,0,0
26,0,0,94535,1,3,12000,0,7.14,0.13,2,602,1,0
23,1,0,96973,0,3,12000,3,12.42,0.12,2,662,1,0
21,1,0,103935,0,0,18900,5,11.01,0.18,2,569,1,0
24,1,3,89703,3,0,8000,0,15.21,0.09,3,631,0,1
23,0,0,94644,0,3,12000,2,14.96,0.13,4,661,0,1
23,0,3,104248,1,2,16000,1,11.86,0.15,3,650,1,0
23,0,0,105518,5,0,17000,3,7.51,0.16,3,529,1,0
26,1,1,107062,6,0,10000,1,8.59,0.09,4,638,0,0
25,1,3,94608,2,3,12000,3,16.4,0.13,4,665,0,1
26,0,0,107787,4,0,8000,2,10.99,0.07,2,664,0,0
25,0,1,108724,1,0,9000,5,11.11,0.08,4,666,0,0
23,0,3,32520,0,3,12250,5,10.37,0.38,4,590,0,1
24,1,1,35550,0,3,12250,3,9.99,0.34,4,610,0,1
23,1,4,108961,1,0,4900,5,6.99,0.04,2,688,0,0
21,1,1,37045,0,3,12250,0,14.59,0.33,3,657,0,1
23,1,3,43990,0,3,12250,4,11.01,0.28,3,640,0,1
23,1,1,38294,2,3,12500,0,10.65,0.33,4,694,0,1
21,0,0,42745,1,2,7200,5,15.23,0.17,4,616,1,0
25,1,0,61937,2,3,2700,0,9.7,0.04,2,582,1,0
22,1,0,18765,0,3,2500,4,11.01,0.13,2,596,0,1
26,0,1,42229,2,2,5500,4,7.51,0.13,2,597,0,0
22,1,1,113212,0,0,6000,0,11.01,0.05,2,675,1,0
23,1,3,100732,0,0,12000,2,9.76,0.12,2,530,0,1
23,0,4,53867,0,3,13000,2,17.26,0.24,3,611,0,1
25,1,0,114931,2,0,6800,1,9.63,0.06,4,495,1,0
22,0,1,77584,0,3,13000,1,14.11,0.17,3,612,1,0
23,1,1,100593,2,0,20000,1,11.83,0.2,4,687,0,1
23,1,3,40325,4,2,8000,5,7.29,0.2,3,453,1,0
25,0,3,116369,4,2,4000,1,9.88,0.03,3,521,1,0
22,0,4,86449,0,0,15000,3,14.96,0.17,3,698,0,1
23,0,3,87263,0,0,35000,3,15.99,0.4,2,571,0,1
22,0,1,117291,0,0,7500,1,11.34,0.06,4,574,1,0
24,1,3,61014,1,3,14000,1,12.21,0.23,3,506,1,0
26,1,3,118436,1,0,10400,0,9.32,0.09,3,554,1,0
25,0,1,118724,0,0,2000,1,5.42,0.02,4,669,0,0
22,1,1,118479,1,0,25000,1,14.46,0.21,3,611,1,0
26,0,3,118562,4,0,14000,5,7.88,0.12,3,634,1,0
23,1,1,66723,0,3,14000,5,11.66,0.21,3,679,0,0
23,1,4,88826,0,0,7000,3,9.63,0.08,2,558,0,1
22,0,0,120419,0,0,5000,3,9.67,0.04,3,511,1,0
24,1,3,67978,1,3,14000,3,14.96,0.21,4,583,0,1
26,1,0,120977,5,0,25000,0,11.99,0.21,3,635,0,0
24,1,1,118460,3,3,14000,1,14.26,0.12,3,614,0,1
21,0,3,121010,0,2,5000,4,7.14,0.04,3,626,1,0
23,1,0,121164,3,2,1000,5,14.26,0.01,3,641,0,0
23,1,3,30138,0,3,14075,5,11.01,0.47,3,650,0,1
22,0,1,56223,2,3,14100,4,14.26,0.25,2,659,0,1
23,1,4,44225,3,3,14400,4,13.57,0.33,2,531,0,1
24,1,3,122825,3,0,6400,4,11.01,0.05,3,650,1,0
25,1,4,75515,1,3,14400,0,13.47,0.19,3,608,0,0
24,1,0,124712,2,0,8000,4,10.74,0.06,3,631,1,0
25,1,0,36715,1,2,1200,0,16.69,0.03,3,661,0,1
26,1,0,43119,2,3,14500,3,11.49,0.34,3,644,0,1
24,0,3,126972,0,0,25000,1,10.74,0.2,3,568,1,0
23,1,0,55587,0,3,14500,4,11.01,0.26,3,654,0,1
22,1,0,36753,0,2,2500,1,12.53,0.07,2,685,1,0
22,1,3,39626,1,3,15000,4,13.22,0.38,3,682,0,1
26,0,3,131008,1,0,9000,4,5.79,0.07,2,588,0,0
26,0,0,131747,5,0,20000,0,6.54,0.15,3,541,1,0
24,1,3,132689,2,0,20000,5,10.75,0.15,4,675,1,0
22,1,0,47572,0,3,2000,0,14.84,0.04,2,602,0,1
25,1,0,55716,5,3,2000,3,13.49,0.04,3,673,1,0
24,1,0,51573,3,3,2000,4,12.69,0.04,4,611,0,1
24,0,3,51688,0,3,2000,2,15.62,0.04,2,606,0,1
25,0,4,43143,1,3,15000,5,7.49,0.35,3,720,0,1
22,0,1,45999,0,3,15000,4,7.88,0.33,3,683,0,1
24,0,3,135594,2,0,6000,0,9.91,0.04,4,517,1,0
24,0,3,104115,2,0,12000,3,15.99,0.12,4,576,0,1
24,1,3,122083,0,0,7000,1,11.01,0.06,4,587,0,1
23,1,0,51279,1,3,15000,5,11.83,0.29,4,674,0,1
23,1,1,137641,2,0,10000,4,11.01,0.07,2,571,1,0
23,1,3,44743,3,3,15000,2,15.65,0.34,3,636,0,1
25,0,1,138951,3,0,20000,1,15.65,0.14,2,612,0,0
22,1,0,143196,0,0,15000,3,13.35,0.1,2,631,0,0
24,0,0,51088,0,3,15000,1,15.27,0.29,3,696,0,1
23,1,3,58682,0,3,15000,0,10.75,0.26,3,625,0,1
23,1,4,59541,1,3,15000,1,11.36,0.25,4,549,0,1
25,0,0,52482,0,3,15000,3,15.57,0.29,3,621,0,1
25,0,3,59994,4,3,15000,3,12.18,0.25,4,674,0,1
25,1,3,62260,2,3,15000,5,13.48,0.24,4,546,1,0
26,0,3,145005,2,0,25000,0,11.01,0.17,3,619,1,0
23,1,3,144913,2,0,10000,3,7.88,0.07,2,650,1,0
24,0,1,144766,1,0,9500,2,11.66,0.07,2,565,1,0
25,1,4,133249,3,0,12000,0,15.99,0.09,3,624,0,1
23,0,1,147356,0,0,12000,4,7.29,0.08,3,664,0,0
26,0,0,135098,3,0,25000,0,15.31,0.19,3,652,0,1
25,1,0,151139,5,2,15000,4,7.9,0.1,3,670,1,0
26,1,1,153665,7,0,6000,1,5.42,0.04,3,638,0,0
26,1,1,140055,6,0,5000,5,11.01,0.04,3,653,0,1
22,0,3,154424,0,0,21600,5,6.91,0.14,4,516,1,0
25,0,1,156942,5,0,15000,1,11.14,0.1,3,698,1,0
22,0,3,66171,0,3,15000,1,16.7,0.23,4,595,0,1
23,1,3,156955,2,0,25000,3,11.12,0.16,3,550,1,0
25,1,0,70438,2,3,15000,0,18.25,0.21,2,615,0,1
23,1,0,144405,1,0,8000,2,11.01,0.06,2,684,0,1
24,1,4,160332,1,0,5000,5,11.01,0.03,3,554,1,0
21,0,0,83732,0,3,15000,3,8.49,0.18,2,676,0,0
23,1,0,163135,3,0,10000,1,18.43,0.06,4,654,0,0
26,0,3,165516,5,0,21500,1,6.62,0.13,4,647,0,0
26,0,1,80263,3,3,15000,4,16.02,0.19,2,632,0,1
23,0,4,169272,0,0,6000,4,13.49,0.04,3,569,1,0
24,1,4,168956,1,0,25000,2,10.36,0.15,2,695,0,0
25,1,0,83873,6,3,15000,2,16.7,0.18,3,627,0,1
24,1,1,159550,0,0,1500,0,17.27,0.01,2,600,0,1
26,0,1,136194,2,0,9000,3,12.53,0.07,4,657,0,1
24,0,0,161346,0,0,25000,0,14.83,0.15,4,605,0,1
23,0,3,24168,2,2,6000,4,6.54,0.25,2,535,0,1
24,1,1,102803,1,3,15000,3,13.11,0.15,3,579,1,0
25,0,3,104179,5,3,15000,4,12.53,0.14,4,618,1,0
24,1,4,58535,1,3,15200,0,11.48,0.26,3,667,0,1
22,0,0,34687,4,3,15250,5,16.7,0.44,4,670,0,1
26,0,3,21945,4,2,5500,4,11.01,0.25,2,615,0,1
24,0,1,144949,3,3,15400,3,14.26,0.11,2,649,1,0
25,1,3,174922,0,0,17600,0,14.84,0.1,3,672,0,1
26,1,3,189576,6,0,20000,0,12.18,0.11,3,628,0,0
23,1,3,193053,3,0,15000,0,7.91,0.08,4,649,1,0
22,1,1,44357,1,3,15850,4,11.48,0.36,3,639,0,1
24,0,1,20512,1,2,4000,1,8.0,0.2,2,496,0,1
25,0,1,239828,3,0,15000,4,9.99,0.06,2,671,1,0
24,0,3,145138,4,3,16000,5,12.18,0.11,4,659,0,0
24,0,1,42579,1,3,19000,0,11.36,0.45,2,677,0,1
26,1,1,294720,3,0,12000,3,16.29,0.04,4,697,0,1
21,0,3,11953,0,3,2000,2,15.99,0.17,3,675,0,1
26,1,4,12254,2,3,2950,5,17.49,0.24,2,613,0,1
23,1,0,12813,2,3,4000,5,7.14,0.31,4,554,0,1
26,0,3,8000,7,3,1000,1,9.63,0.12,3,598,0,1
21,0,3,8000,0,3,2750,4,16.95,0.34,3,672,0,1
24,0,4,27200,5,3,6600,0,12.68,0.24,4,654,0,1
23,1,0,90622,3,3,18000,5,12.73,0.2,2,602,1,0
25,0,1,39432,7,3,2500,3,16.45,0.06,3,669,0,1
24,1,0,13298,0,3,3000,4,7.9,0.23,3,588,0,1
24,1,3,84875,6,3,1500,5,14.42,0.02,4,666,0,1
22,0,3,73013,1,0,3950,0,10.65,0.05,4,501,1,0
21,1,0,22487,2,3,4500,4,10.38,0.2,3,619,0,1
24,1,3,43984,0,3,6000,5,14.96,0.14,3,501,1,0
25,0,4,37639,4,3,10000,3,10.37,0.27,3,549,0,1
23,0,0,85052,1,2,10000,5,11.01,0.12,3,679,0,0
23,0,3,26003,1,3,3000,5,12.68,0.12,3,553,1,0
23,0,1,37260,1,3,8400,3,11.01,0.23,2,704,0,1
26,1,0,42851,4,3,12875,1,11.01,0.3,3,666,0,1
25,1,4,115071,4,0,18000,0,10.99,0.16,3,684,0,0
26,1,4,241002,7,0,15000,3,14.79,0.06,4,667,0,0
22,0,4,61452,2,3,5300,1,14.42,0.09,2,653,0,0
24,1,4,75821,4,3,20000,5,11.12,0.26,2,580,0,1
24,0,3,51717,0,3,4450,3,9.32,0.09,4,652,1,0
22,0,0,48869,0,0,4750,0,11.01,0.1,3,658,1,0
22,0,0,59002,0,3,20000,5,11.36,0.34,2,614,0,1
23,0,1,48102,2,0,3250,3,11.01,0.07,3,599,0,1
24,1,3,49266,3,3,3825,5,10.0,0.08,3,619,1,0
23,1,1,94393,0,0,8000,0,12.87,0.08,3,604,0,1
25,0,3,74427,1,2,15000,4,14.65,0.2,2,666,1,0
25,0,3,23962,0,3,5000,3,10.99,0.21,2,655,0,1
26,0,1,42922,3,0,6000,3,7.51,0.14,3,654,0,0
26,0,1,58694,3,3,25000,0,18.43,0.43,3,660,0,1
25,0,1,77879,6,3,8000,1,15.28,0.1,4,608,0,1
24,0,4,35674,4,3,14400,3,15.7,0.4,4,643,0,1
22,0,1,43345,0,3,2400,1,11.01,0.06,4,684,1,0
25,0,3,108911,4,0,20000,5,6.54,0.18,3,569,1,0
23,0,4,89499,0,3,25000,3,10.36,0.28,2,563,0,1
25,1,1,80921,0,0,4000,1,12.18,0.05,2,581,1,0
23,1,4,15016,0,3,2100,1,8.94,0.14,2,622,0,1
23,1,1,85507,4,3,14000,3,17.51,0.16,2,657,0,1
24,1,4,90514,5,0,7000,4,7.66,0.08,3,669,0,0
24,1,3,35293,1,3,8875,3,11.01,0.25,4,598,0,1
23,1,4,44071,0,3,6500,3,17.49,0.15,4,659,0,1
24,0,1,180947,3,3,5000,4,11.01,0.03,2,639,1,0
25,1,4,70383,4,3,6000,1,11.28,0.09,3,678,0,1
22,1,1,49646,0,3,6000,1,11.36,0.12,4,674,0,1
23,0,3,138971,2,3,35000,1,7.9,0.25,4,571,1,0
23,1,0,47997,0,3,12000,4,10.99,0.25,2,543,0,1
23,0,1,84878,0,3,6000,1,7.49,0.07,3,666,1,0
21,1,1,106081,0,0,25000,1,13.98,0.24,3,656,1,0
22,0,4,60896,0,0,22000,3,9.91,0.36,4,595,1,0
22,0,0,45123,0,3,15000,4,10.25,0.33,4,598,0,1
22,1,1,42450,1,3,7500,0,15.05,0.18,2,682,0,1
22,0,1,20396,0,3,4000,0,13.35,0.2,2,656,0,1
25,1,3,36954,3,3,5200,5,17.19,0.14,2,597,0,1
23,0,3,58724,0,2,6000,5,12.87,0.1,3,555,1,0
25,1,4,25059,3,3,12000,3,8.07,0.48,2,694,0,1
22,1,1,46412,0,0,1950,1,7.37,0.04,4,585,1,0
23,1,3,90901,2,3,13200,1,6.17,0.15,3,629,1,0
24,1,0,35602,0,3,6000,3,15.27,0.17,2,609,0,0
26,0,1,45287,4,3,14000,4,9.88,0.31,2,647,0,1
21,1,1,74424,0,3,7500,1,10.39,0.1,4,613,1,0
22,0,1,71102,0,3,10000,3,7.51,0.14,2,612,0,0
23,0,4,24136,1,2,6000,2,6.54,0.25,4,617,0,1
24,0,0,68296,2,0,20000,0,16.7,0.29,4,693,0,1
21,1,1,27615,0,3,2500,0,16.29,0.09,2,650,0,1
24,0,0,22084,4,3,3000,1,15.27,0.14,2,612,0,1
22,1,0,16648,0,3,2500,2,9.91,0.15,3,657,0,1
26,0,3,80004,4,3,24250,1,14.96,0.3,4,506,0,1
23,1,3,53031,0,3,9100,1,13.24,0.17,3,543,0,1
21,0,1,19931,2,3,2800,3,7.4,0.14,4,525,0,1
25,0,4,112166,2,3,12000,2,11.01,0.11,3,649,0,0
24,0,0,81278,1,2,16000,3,12.69,0.2,2,604,1,0
21,0,3,88290,0,3,14000,1,13.49,0.16,3,542,1,0
25,1,1,69161,4,3,15000,4,13.85,0.22,2,637,0,0
24,0,3,56335,3,3,10800,5,13.16,0.19,4,667,0,0
26,1,1,121059,3,0,24000,0,10.99,0.2,4,582,1,0
22,0,3,23747,0,3,3000,0,11.01,0.13,2,570,0,1
33,1,1,562713,11,0,3750,0,15.62,0.01,10,561,0,1
30,0,3,14047,10,2,2400,1,9.99,0.17,7,480,0,1
28,0,3,421133,8,3,20000,0,11.01,0.05,9,575,1,0
28,0,0,404289,8,3,2150,5,13.06,0.01,5,662,0,0
27,1,0,310859,1,3,35000,1,18.64,0.11,7,632,0,1
27,0,0,98578,4,3,29000,5,12.69,0.29,6,640,0,1
34,1,0,48619,12,3,25000,3,10.25,0.51,8,638,0,1
29,1,0,58801,7,3,25000,2,13.61,0.43,8,603,0,1
35,0,3,241172,16,0,6000,0,7.68,0.02,8,677,1,0
32,1,1,76633,10,3,25000,2,10.25,0.33,8,633,0,1
32,1,4,226517,12,3,25000,0,10.62,0.11,5,664,0,1
30,0,4,241025,11,0,24250,3,11.48,0.1,8,676,1,0
29,0,0,228928,6,0,14000,1,11.01,0.06,6,654,1,0
27,1,1,83935,8,3,25000,5,13.75,0.3,6,635,0,1
34,1,4,214811,11,0,12000,0,15.65,0.06,5,697,0,1
28,1,3,225110,7,0,10000,3,14.22,0.04,9,567,1,0
30,1,1,18002,7,2,9250,2,14.96,0.51,10,683,0,1
29,1,4,217869,6,0,18000,4,12.69,0.08,9,637,1,0
30,0,0,18284,5,2,5000,3,14.96,0.27,9,625,0,1
28,1,3,210878,2,3,6000,2,7.9,0.03,10,574,1,0
33,0,3,204860,7,0,12000,4,7.51,0.06,9,684,1,0
34,1,3,19575,10,2,3800,5,7.49,0.19,9,595,0,1
30,1,1,178654,6,3,25000,1,15.95,0.14,8,591,0,1
27,1,3,20038,5,1,5750,0,11.01,0.29,8,672,0,1
29,1,3,210967,6,3,25000,4,10.74,0.12,5,598,1,0
28,1,3,214863,9,3,25000,1,14.46,0.12,7,653,0,1
28,0,3,20618,5,2,5000,3,13.98,0.24,8,534,0,1
28,0,1,22041,5,0,1500,1,8.63,0.07,10,649,1,0
28,0,0,22398,4,2,6350,3,13.57,0.28,5,563,0,1
28,1,4,121738,4,3,21000,0,11.01,0.17,5,649,0,1
34,1,4,166273,10,3,21000,2,18.79,0.13,10,719,0,1
28,0,3,70832,7,3,20500,1,16.82,0.29,5,619,0,1
30,1,3,60627,5,3,20000,5,13.49,0.33,10,628,0,1
29,0,4,63433,5,3,20000,5,11.01,0.32,5,698,0,1
30,0,1,65862,10,3,20000,0,14.84,0.3,9,619,0,1
28,0,1,67987,7,3,20000,3,18.62,0.29,7,692,0,1
31,1,1,88435,7,3,20000,2,15.05,0.23,5,684,0,1
32,0,3,99025,10,3,20000,5,14.84,0.2,6,575,0,1
28,1,0,130170,9,3,20000,4,15.31,0.15,7,664,0,1
31,0,0,12980,8,3,1000,3,11.01,0.08,10,644,0,1
27,0,3,15158,4,3,1000,3,14.91,0.07,8,680,0,1
33,1,1,15283,8,3,1000,1,7.88,0.07,7,674,0,1
28,1,1,53713,6,3,19000,3,16.82,0.35,8,651,0,1
27,1,3,71916,3,3,18000,4,12.18,0.25,9,638,0,1
34,1,3,94282,11,3,18000,1,8.9,0.19,9,583,1,0
28,0,0,31315,10,0,10625,2,14.27,0.34,6,642,1,0
33,1,1,40274,11,3,16750,4,12.53,0.42,5,608,0,1
30,1,0,65715,3,3,16200,0,15.57,0.25,10,528,0,1
27,0,3,44271,7,3,16000,1,15.7,0.36,9,622,0,1
34,0,3,53670,10,3,16000,1,13.24,0.3,6,662,0,1
30,1,1,77746,9,3,16000,0,15.7,0.21,5,548,0,1
28,1,0,32298,6,0,12000,0,11.36,0.37,7,535,0,1
27,0,1,32618,7,0,6000,3,6.91,0.18,9,523,0,1
35,0,0,24071,14,3,1200,4,7.29,0.05,10,522,0,1
27,1,1,29947,3,3,1200,3,18.99,0.04,7,501,1,0
31,1,3,18011,10,3,1250,1,11.01,0.07,8,670,0,1
27,0,0,35359,2,0,1600,5,13.49,0.05,8,661,0,1
29,0,1,40844,4,3,1700,4,15.23,0.04,9,556,1,0
33,1,4,87479,10,3,1925,5,14.35,0.02,10,694,0,1
31,0,0,98283,8,3,15000,4,14.42,0.15,6,664,0,1
33,1,3,101799,13,3,15000,5,16.7,0.15,9,500,0,1
27,1,4,127768,4,3,15000,0,10.75,0.12,6,687,1,0
32,1,4,36804,11,0,10000,5,7.51,0.27,9,665,1,0
29,1,3,36786,6,0,4000,1,11.01,0.11,6,572,0,0
31,1,3,36738,8,3,2050,2,8.88,0.06,7,608,0,1
30,0,0,15690,9,3,2100,4,12.49,0.13,7,686,0,1
30,0,1,40488,7,3,14000,5,7.29,0.35,10,602,0,1
34,1,4,44310,12,3,14000,0,7.51,0.32,6,683,0,1
35,1,0,45528,14,3,14000,0,7.88,0.31,8,656,0,1
29,1,0,75343,6,3,2300,0,13.43,0.03,6,603,0,1
28,0,3,36903,8,0,10500,3,8.94,0.28,8,535,1,0
27,0,0,51135,5,3,2400,5,6.54,0.05,10,599,1,0
34,1,4,49215,8,3,13200,4,12.42,0.27,8,620,0,1
34,0,3,48955,15,3,13200,5,11.01,0.27,6,652,0,1
33,1,1,62400,12,3,13075,5,16.7,0.21,8,683,0,1
28,1,1,35637,7,3,13000,1,14.26,0.36,8,667,0,1
30,0,3,44123,6,3,13000,3,13.61,0.29,8,598,0,1
27,1,4,46243,2,3,13000,0,11.83,0.28,5,616,0,1
27,1,3,38850,6,2,14000,3,18.09,0.36,6,627,0,1
33,0,1,39737,9,3,2500,3,15.33,0.06,10,676,0,1
32,1,1,138890,11,3,2500,2,11.89,0.02,6,615,1,0
28,1,3,39955,8,0,2500,4,8.88,0.06,8,595,0,1
27,0,0,49135,7,3,3000,4,7.05,0.06,8,639,1,0
31,0,4,60785,12,3,12000,0,6.03,0.2,6,678,1,0
29,1,0,61209,6,3,12000,5,8.94,0.2,5,655,1,0
29,0,1,41785,3,2,14400,5,16.0,0.34,7,667,1,0
34,0,1,67173,10,3,12000,0,13.16,0.18,8,600,1,0
30,1,1,71385,5,3,12000,0,11.01,0.17,10,688,1,0
27,1,2,62806,5,3,3000,3,14.96,0.05,7,667,0,1
33,1,3,90150,9,3,3000,1,11.83,0.03,5,696,0,1
30,0,1,54755,7,3,3300,1,11.71,0.06,8,683,1,0
27,0,1,43538,5,0,12000,5,8.94,0.28,8,660,1,0
28,1,1,29920,8,3,3500,2,14.72,0.12,6,627,0,1
29,1,1,56607,5,3,3500,1,11.36,0.06,5,694,0,0
30,1,0,36687,7,0,4400,2,11.99,0.12,5,619,0,1
28,1,0,65856,4,3,3500,2,11.66,0.05,5,587,0,0
31,0,1,44357,9,0,1600,1,10.59,0.04,7,636,0,0
27,1,1,37192,6,0,5350,4,13.06,0.14,6,671,0,1
33,0,1,44144,8,0,6625,1,16.4,0.15,5,692,1,0
27,0,0,103299,3,3,11000,1,15.99,0.11,6,506,0,1
33,0,0,37621,12,0,10000,2,9.33,0.27,6,629,0,1
27,0,1,58553,3,3,10800,0,15.99,0.18,8,525,0,1
28,1,1,162894,5,3,10800,3,11.01,0.07,7,676,1,0
32,1,3,39351,6,3,10400,0,15.27,0.26,9,614,0,1
30,0,0,38260,5,0,12000,5,14.42,0.31,5,594,0,1
29,1,3,40046,3,3,10275,5,6.62,0.26,8,610,0,1
29,1,1,36809,6,3,10200,5,17.99,0.28,10,608,0,1
31,1,1,35793,6,3,3700,4,9.91,0.1,7,667,0,1
27,0,3,85280,4,3,3700,2,11.01,0.04,5,477,0,1
28,0,0,114008,8,3,3700,1,7.9,0.03,9,612,0,0
31,1,1,21302,9,3,4000,3,14.59,0.19,9,670,0,1
28,1,1,22839,7,3,4000,5,11.12,0.18,8,634,0,1
29,1,1,24131,7,3,4000,4,10.37,0.17,6,634,0,1
28,0,0,25010,6,3,4000,4,14.59,0.16,9,627,1,0
35,0,4,47143,15,0,5000,1,11.01,0.11,9,693,1,0
35,0,1,47326,13,0,9500,5,10.36,0.2,6,577,1,0
35,0,0,40489,9,3,4000,2,16.32,0.1,10,629,0,1
29,1,1,48910,3,3,4000,4,12.53,0.08,10,521,0,0
27,1,1,42676,4,3,4000,5,14.54,0.09,7,655,0,1
27,0,4,40781,5,0,9000,1,12.49,0.22,8,666,0,1
33,0,1,52588,12,3,4000,1,12.73,0.08,7,707,0,1
34,1,1,24402,13,3,4500,4,10.59,0.18,9,686,0,1
28,0,4,23841,5,3,4800,5,11.01,0.2,6,577,0,1
28,0,4,41678,2,3,4800,3,7.14,0.12,5,705,1,0
28,0,1,49869,8,0,5000,0,6.76,0.1,10,647,1,0
30,0,0,66872,7,3,4800,3,6.03,0.07,8,669,1,0
35,1,3,97180,13,3,4800,0,7.49,0.05,9,691,1,0
32,1,1,170134,9,3,10000,4,14.79,0.06,9,598,0,0
27,1,1,51977,3,0,8000,0,13.06,0.15,5,491,1,0
28,1,1,41666,7,3,5000,5,14.26,0.12,9,709,0,1
27,1,0,42772,3,3,5000,3,16.7,0.12,9,568,0,1
32,0,1,55012,10,3,5000,0,10.36,0.09,5,677,1,0
28,0,1,59640,7,3,5000,4,12.42,0.08,7,713,1,0
28,1,1,53883,5,3,5000,2,12.99,0.09,5,615,0,1
31,0,1,53477,11,2,17350,2,13.55,0.32,7,714,0,0
27,1,3,53795,6,0,11500,3,15.27,0.21,10,589,1,0
28,1,4,29376,1,3,8875,5,10.65,0.3,9,571,0,1
29,0,3,35111,3,3,8800,0,10.0,0.25,10,629,0,1
28,1,3,112889,4,3,8800,5,7.88,0.08,7,632,1,0
29,1,4,27361,5,3,8500,0,14.11,0.31,7,546,0,1
27,1,0,46679,4,3,8500,1,6.99,0.18,10,617,0,0
32,1,0,40016,7,3,8475,2,11.01,0.21,6,656,0,1
32,1,3,72818,9,3,5000,3,7.29,0.07,9,564,1,0
30,0,0,65645,10,3,5000,5,15.13,0.08,9,584,0,1
27,1,4,73008,5,3,5000,4,14.54,0.07,10,589,0,1
28,1,3,95109,8,3,5000,2,14.27,0.05,6,622,0,0
29,0,1,53639,5,3,5400,4,16.0,0.1,8,672,0,1
31,0,0,37087,6,3,5500,2,15.21,0.15,7,661,0,1
30,1,1,49106,4,3,5500,4,7.74,0.11,6,638,1,0
27,1,4,61165,4,3,5500,2,12.73,0.09,7,530,0,1
28,1,4,67897,6,3,5525,3,12.68,0.08,9,653,0,0
28,1,4,51395,10,0,7600,0,16.29,0.15,7,700,0,1
32,0,1,64627,7,3,5700,0,9.99,0.09,9,495,1,0
28,1,3,58641,7,2,12000,2,14.54,0.2,10,602,0,0
27,0,1,26855,4,3,6000,2,18.07,0.22,7,690,0,1
30,0,0,41562,8,3,6000,5,6.91,0.14,7,687,0,0
27,0,1,43032,0,3,6000,3,9.32,0.14,10,519,1,0
30,1,4,59716,8,0,11750,1,8.9,0.2,9,667,0,0
31,1,3,44019,9,3,6000,0,8.9,0.14,9,671,1,0
30,0,4,59869,8,0,8500,4,16.32,0.14,9,692,0,0
34,0,1,60825,9,0,16000,5,13.49,0.26,5,628,1,0
34,1,4,60640,11,3,6000,1,7.88,0.1,5,633,1,0
31,0,4,60653,7,0,5000,0,10.62,0.08,10,635,1,0
29,1,3,22851,6,3,7000,5,10.99,0.31,5,613,0,1
27,1,4,28867,4,3,7000,1,15.7,0.24,5,565,0,1
31,0,4,54083,11,0,12000,1,12.53,0.22,6,607,0,1
33,1,3,53709,13,0,4500,0,14.74,0.08,10,644,0,1
29,0,3,90986,1,3,6000,3,8.49,0.07,6,545,1,0
31,1,0,92193,9,3,6000,2,7.49,0.07,5,632,1,0
28,0,0,114367,5,3,6000,2,11.83,0.05,10,658,0,0
33,0,3,54217,8,0,2000,3,14.22,0.04,6,652,0,1
35,0,3,200302,15,3,6000,0,5.42,0.03,10,679,0,0
32,1,1,130347,9,3,6125,4,5.99,0.05,5,701,0,1
32,1,3,15154,9,3,6200,1,6.17,0.41,9,571,0,1
27,1,0,62264,6,0,7000,1,7.49,0.11,6,679,0,0
27,0,3,62326,1,2,12000,4,7.49,0.19,7,626,1,0
31,1,3,63611,7,0,10000,1,8.49,0.16,5,656,0,0
31,0,0,63266,12,0,15200,4,12.21,0.24,8,599,0,0
29,0,4,61205,6,3,6500,3,15.96,0.11,7,607,0,0
28,0,3,57535,1,0,6000,2,8.88,0.1,6,671,0,1
28,1,4,58551,8,0,5000,4,15.27,0.09,5,714,0,1
32,0,4,52801,13,3,6950,3,9.91,0.13,9,647,0,0
28,0,1,66910,6,0,22000,0,11.01,0.33,10,578,1,0
32,1,3,59964,10,0,11500,3,10.99,0.19,9,636,0,1
32,1,0,67118,13,0,6500,2,13.98,0.1,10,675,0,0
29,0,0,38356,8,3,7200,4,11.03,0.19,8,658,0,1
34,0,3,43400,10,3,7200,3,14.84,0.17,10,654,0,1
34,1,1,48069,11,3,7200,2,11.71,0.15,5,719,0,1
28,0,0,60758,6,3,7200,0,11.01,0.12,7,684,1,0
27,0,1,67593,3,0,2000,3,7.51,0.03,9,669,0,0
32,0,0,67772,12,2,8800,1,9.99,0.13,6,676,1,0
28,0,3,135228,7,3,7200,5,8.59,0.05,9,643,1,0
33,0,0,60947,7,0,10000,0,16.89,0.16,7,668,0,1
28,0,4,168746,5,3,7400,0,6.03,0.04,9,602,1,0
27,1,4,76698,9,3,7450,3,15.99,0.1,10,677,0,1
30,1,3,27453,8,3,7500,3,10.37,0.27,9,606,0,1
30,1,1,68285,9,0,9600,2,5.99,0.14,6,616,1,0
28,1,0,44081,7,3,7500,2,10.39,0.17,9,679,0,1
31,0,4,69163,10,0,8000,1,9.88,0.12,9,697,1,0
30,0,0,54560,8,3,7500,3,15.05,0.14,6,600,0,1
32,0,4,62135,10,0,15000,3,11.01,0.24,8,670,0,1
34,1,3,69396,15,3,7500,0,11.14,0.11,7,668,0,0
27,0,1,69960,3,0,3000,3,11.11,0.04,6,725,0,0
29,1,0,70456,7,0,20475,1,12.72,0.29,10,692,0,0
28,0,4,22347,6,3,7600,2,8.49,0.34,9,655,0,1
32,0,2,70257,9,2,8000,5,13.85,0.11,10,646,1,0
27,1,1,65361,0,0,10000,5,14.27,0.15,10,664,0,1
34,0,3,42956,15,3,8000,4,6.17,0.19,9,599,1,0
33,0,4,65952,7,0,32000,0,15.23,0.49,7,545,0,1
31,0,3,73187,10,0,1500,0,12.99,0.02,10,657,1,0
27,0,2,48905,5,3,8000,5,11.99,0.16,7,662,1,0
30,1,3,43541,10,3,8000,1,14.59,0.18,9,644,0,1
30,0,1,56241,7,3,8000,0,7.14,0.14,10,657,0,0
34,1,1,18042,11,3,5000,4,13.35,0.28,10,723,0,1
28,1,4,73043,4,1,16000,4,12.18,0.22,9,657,0,0
30,1,0,65674,8,0,24000,2,18.72,0.37,8,611,0,1
33,1,1,29877,12,3,5000,0,10.65,0.17,7,506,1,0
28,0,3,74292,6,0,12000,4,9.99,0.16,5,650,1,0
27,0,0,81679,8,3,8000,4,6.03,0.1,5,675,1,0
29,0,1,74925,8,2,5000,5,10.38,0.07,10,689,1,0
28,0,4,67958,8,0,5050,2,12.29,0.07,5,660,0,1
34,1,0,157047,13,3,8000,5,10.99,0.05,10,650,0,0
31,1,4,33078,10,3,8325,5,7.51,0.25,7,656,0,1
33,0,1,76734,11,2,12800,1,7.88,0.17,10,676,1,0
32,1,0,76405,10,0,7000,1,13.57,0.09,7,647,0,0
27,1,1,64617,5,3,8400,5,11.86,0.13,10,627,1,0
31,1,0,23890,9,3,8500,2,11.01,0.36,6,604,0,1
35,1,4,70296,17,0,15000,3,13.99,0.21,9,574,0,1
27,1,0,79376,5,0,10000,5,12.42,0.13,6,645,1,0
29,0,1,79008,5,0,7000,4,11.01,0.09,10,626,1,0
28,1,1,79168,5,0,15000,1,9.99,0.19,10,632,1,0
33,1,0,53657,13,3,9000,3,15.21,0.17,6,665,0,1
35,1,3,62966,12,3,9000,5,11.01,0.14,9,631,1,0
30,0,1,79413,9,0,12000,4,7.66,0.15,7,683,0,0
28,1,3,78706,1,2,2500,3,13.22,0.03,7,619,1,0
32,1,0,79116,10,0,5600,4,11.58,0.07,5,666,0,0
29,1,4,41327,8,3,9600,4,15.99,0.23,7,709,0,1
27,1,1,72662,6,0,7750,5,14.84,0.11,9,645,0,1
27,1,3,80173,6,0,8400,1,16.49,0.1,7,627,0,0
32,0,0,96968,8,3,9600,0,11.14,0.1,5,713,1,0
31,1,1,154382,7,3,9600,4,11.01,0.06,8,694,0,1
27,0,1,35638,5,3,9750,4,7.51,0.27,6,705,0,1
27,1,4,30842,2,3,10000,0,11.01,0.32,8,685,0,1
29,1,4,34775,8,3,10000,3,12.84,0.29,9,640,0,1
28,1,0,36736,6,3,10000,4,8.9,0.27,5,630,0,1
31,1,1,82684,7,2,8000,5,7.9,0.1,5,699,0,0
32,1,3,40743,10,3,10000,4,7.51,0.25,8,668,0,0
32,0,3,75828,10,0,3800,4,13.11,0.05,10,571,0,1
27,0,3,83448,2,0,20000,5,11.01,0.24,6,589,1,0
28,0,3,83531,4,0,10000,0,9.88,0.12,8,659,0,0
33,0,3,84754,10,0,6300,0,7.14,0.07,10,646,0,0
32,0,4,46968,8,3,10000,4,9.63,0.21,6,661,1,0
30,0,0,85262,6,0,31825,3,12.69,0.37,8,692,1,0
29,1,1,84879,7,2,25000,4,15.62,0.29,9,652,1,0
28,1,3,66261,1,0,5000,3,16.07,0.08,8,641,0,1
28,0,1,37154,6,3,4200,5,15.23,0.11,7,634,1,0
32,1,0,77982,8,3,4200,1,11.01,0.05,5,626,0,1
34,1,3,72151,9,3,4100,1,14.91,0.06,10,617,0,1
29,0,0,60850,7,3,10000,0,11.26,0.16,6,633,0,0
28,1,0,87277,10,0,16000,4,11.01,0.18,6,586,1,0
30,1,0,59735,12,3,10000,2,15.45,0.17,5,652,0,1
28,0,0,88044,6,0,15000,1,11.01,0.17,6,596,1,0
29,0,0,90013,8,0,13000,4,11.26,0.14,6,539,1,0
27,0,3,52975,7,3,4000,3,13.48,0.08,7,676,1,0
30,1,1,55000,8,3,4000,3,10.59,0.07,8,648,0,0
32,1,0,90372,14,0,12000,2,11.71,0.13,6,748,0,0
34,0,1,90685,9,0,10000,3,11.11,0.11,10,660,1,0
29,0,1,91063,7,0,4000,4,10.75,0.04,9,637,0,0
30,1,3,83579,5,0,8500,2,11.01,0.1,5,597,0,1
30,1,3,98411,7,3,10000,5,6.91,0.1,9,612,1,0
33,0,4,102904,15,3,10000,1,8.0,0.1,10,617,1,0
34,0,1,84934,11,0,17000,0,11.14,0.2,8,668,0,1
30,1,3,97022,8,3,10000,0,12.21,0.1,6,513,0,1
27,1,0,176255,4,3,10175,5,12.99,0.06,6,657,0,1
27,1,1,37141,6,3,11000,0,9.91,0.3,10,660,0,1
29,1,0,43300,9,3,11200,3,9.99,0.26,10,667,0,1
30,1,0,94713,9,0,10800,1,10.36,0.11,9,655,1,0
29,1,0,95204,3,0,10000,5,18.09,0.11,9,655,1,0
30,1,1,94982,6,1,15850,5,11.14,0.17,5,688,1,0
28,1,4,31494,5,3,12000,3,9.83,0.38,9,622,0,1
29,1,0,90039,5,0,3000,1,16.32,0.03,6,690,0,1
27,1,1,96911,5,0,24000,0,11.12,0.25,10,641,0,0
29,1,1,46726,5,3,12000,4,13.48,0.26,10,632,0,1
27,0,1,46727,8,3,12000,3,6.62,0.26,10,662,0,1
31,1,4,97272,7,0,15000,3,10.95,0.15,8,606,1,0
28,0,2,90328,4,0,20000,2,11.01,0.22,8,708,0,1
29,1,3,48132,6,2,9000,4,12.72,0.19,9,660,0,0
35,0,4,54907,10,3,12000,3,11.26,0.22,5,681,1,0
32,1,1,99507,8,0,8000,1,16.89,0.08,8,685,1,0
31,1,0,99391,7,0,10000,1,7.29,0.1,5,629,1,0
30,0,4,99729,12,0,5000,4,6.76,0.05,8,683,0,0
35,0,0,100614,13,0,15000,2,11.01,0.15,6,724,1,0
27,0,4,31087,3,3,3000,2,15.62,0.1,5,634,0,1
32,1,4,76667,7,3,12000,5,6.62,0.16,10,557,0,0
29,1,1,94459,10,0,25000,0,15.33,0.26,6,601,0,1
29,0,3,77294,10,3,12000,0,12.42,0.16,8,687,0,1
29,1,3,75511,7,0,3600,3,17.99,0.05,9,648,0,1
34,1,3,80456,13,3,12000,0,14.3,0.15,6,625,0,1
29,1,4,103175,3,0,20000,5,10.38,0.19,9,641,1,0
33,0,0,102229,15,0,8000,2,7.14,0.08,8,632,1,0
27,1,1,89617,7,0,10000,0,17.93,0.11,6,620,0,1
27,1,0,104509,5,0,2250,4,11.01,0.02,6,660,0,0
27,1,1,91109,5,0,12000,1,9.91,0.13,10,595,0,1
29,1,3,92322,5,0,20000,2,11.01,0.22,8,621,0,1
29,1,3,109126,9,0,10000,1,10.65,0.09,6,550,1,0
32,1,0,140937,9,3,12000,4,17.93,0.09,10,637,0,1
29,1,0,109039,8,0,14000,0,7.9,0.13,9,682,1,0
28,0,4,169155,7,3,12000,0,9.91,0.07,10,677,1,0
32,1,1,845636,13,3,12000,3,15.33,0.01,9,648,0,1
30,0,0,109101,7,0,4500,0,5.99,0.04,6,713,0,0
28,0,1,51217,4,3,12250,3,14.59,0.24,10,625,0,1
32,1,0,108814,9,0,25000,4,11.36,0.23,9,657,1,0
30,1,3,69196,7,3,2750,0,10.37,0.04,5,601,1,0
33,1,2,53859,9,3,2725,2,12.18,0.05,7,552,0,1
30,0,3,19119,10,3,2700,2,7.29,0.14,5,627,0,1
30,1,4,109408,5,0,20000,1,14.82,0.18,8,687,1,0
32,0,3,81669,10,0,13000,3,16.0,0.16,6,631,0,1
30,0,0,96263,8,0,9000,1,8.49,0.09,8,646,0,1
27,0,0,110630,3,0,15000,3,7.88,0.14,10,672,1,0
32,1,0,39426,11,3,2600,5,11.01,0.07,6,652,0,1
35,1,1,47263,12,3,2575,1,15.96,0.05,7,635,0,1
27,1,1,112094,6,0,7000,2,5.42,0.06,8,683,1,0
32,0,1,112698,9,0,21000,5,10.74,0.19,10,653,1,0
28,1,1,85080,8,3,12800,0,13.57,0.15,6,592,1,0
32,0,3,78996,13,3,13000,0,12.53,0.16,6,670,0,0
30,1,3,115078,9,0,12000,2,8.94,0.1,5,654,1,0
29,0,4,101870,5,3,13000,0,12.53,0.13,7,600,0,0
28,0,1,101758,5,0,3000,0,15.99,0.03,6,602,0,1
33,0,3,116338,6,0,9000,3,7.49,0.08,7,690,0,0
29,0,1,51429,6,3,13750,4,11.36,0.27,8,555,0,1
27,1,0,117383,4,0,3600,4,9.25,0.03,7,665,0,0
27,1,2,87523,3,0,10000,3,14.83,0.11,6,723,0,1
29,1,4,117700,6,2,12000,5,11.83,0.1,5,545,0,0
34,1,3,118528,11,0,16000,5,6.03,0.13,5,659,1,0
27,1,1,58959,6,3,14000,0,13.79,0.24,10,619,0,1
28,1,0,118673,8,0,1000,3,7.74,0.01,9,606,0,0
27,1,1,104481,3,0,18000,1,13.72,0.17,7,661,0,1
30,0,3,72522,8,3,14000,2,15.28,0.19,10,691,1,0
28,1,0,121161,2,0,12000,0,10.99,0.1,8,589,1,0
33,1,1,120539,11,0,7000,5,11.01,0.06,6,633,0,0
32,1,0,37319,9,3,14300,1,13.49,0.38,8,711,0,1
32,0,0,122218,4,0,8000,0,11.49,0.07,5,590,0,0
28,1,0,37103,1,3,14500,3,11.14,0.39,8,608,0,1
29,1,1,126842,5,0,12000,2,7.88,0.09,7,593,1,0
30,0,1,128197,6,0,10000,5,11.01,0.08,9,671,1,0
27,1,0,40801,7,3,15000,4,6.91,0.37,5,688,0,1
32,1,4,129825,10,2,25000,3,15.21,0.19,10,671,1,0
32,1,0,130586,8,0,12000,5,11.49,0.09,10,655,1,0
30,1,3,118646,6,0,9000,1,11.49,0.08,5,543,0,1
29,0,0,43086,4,3,15000,5,7.9,0.35,10,666,0,1
34,0,1,43221,15,3,15000,4,10.99,0.35,10,690,0,1
27,1,4,135448,4,0,15000,1,13.49,0.11,8,732,1,0
30,1,0,135450,10,0,8000,4,16.02,0.06,10,627,0,0
28,1,3,136853,6,0,18000,5,12.99,0.13,6,665,0,0
29,0,1,51781,8,3,15000,5,7.88,0.29,7,583,0,1
29,0,4,54109,5,3,15000,4,11.86,0.28,9,679,0,1
27,0,1,54037,7,3,15000,3,11.48,0.28,5,662,0,1
28,1,3,58735,6,3,15000,4,11.99,0.26,7,636,0,1
28,1,1,59279,5,3,15000,4,12.87,0.25,8,627,0,1
34,0,0,145393,16,0,20000,1,10.37,0.14,10,702,1,0
28,1,0,111030,4,0,20000,3,15.28,0.18,6,613,0,1
34,1,1,144497,11,0,16800,3,6.91,0.12,6,726,0,0
34,1,4,130213,13,0,25000,0,20.0,0.19,8,604,0,1
31,1,1,145605,12,0,25000,4,16.32,0.17,7,620,0,0
28,1,0,146233,7,0,5400,4,5.99,0.04,6,661,0,0
30,1,1,26859,7,3,1500,4,11.71,0.06,9,705,0,1
29,1,1,136545,4,0,25000,2,13.16,0.18,9,660,0,1
28,0,1,142716,5,0,25000,4,20.0,0.18,6,609,0,1
35,1,4,157292,15,0,9000,0,12.73,0.06,8,630,1,0
35,0,0,147265,11,0,25000,5,15.2,0.17,10,693,0,1
29,1,3,74099,8,3,15000,4,14.96,0.2,8,555,0,1
31,1,4,162762,10,0,15000,4,10.75,0.09,6,631,0,0
28,0,0,82378,6,3,15000,4,13.16,0.18,7,598,1,0
27,0,4,126219,3,0,23000,3,18.43,0.18,9,578,0,1
28,0,1,148362,3,2,22000,0,20.0,0.15,8,656,0,1
27,1,4,148643,0,2,22350,2,14.07,0.15,6,666,0,1
31,0,1,168992,12,0,30000,3,11.71,0.18,7,680,0,0
33,1,1,26353,9,2,7750,1,11.83,0.29,6,702,1,0
33,0,1,26296,13,2,3600,4,11.71,0.14,5,630,0,0
29,1,4,131653,7,0,18500,3,17.8,0.14,10,653,0,1
28,1,1,169127,4,0,15000,3,8.88,0.09,5,661,1,0
28,1,0,171632,4,0,18000,1,10.38,0.1,8,653,1,0
32,0,4,86339,8,3,15000,1,15.95,0.17,9,708,0,1
28,0,1,160424,7,0,20000,0,11.01,0.12,5,611,0,1
35,1,1,88152,12,3,15000,2,15.57,0.17,8,553,0,1
28,0,0,23927,5,2,4700,4,15.31,0.2,5,610,0,1
33,1,0,23529,8,2,3500,0,13.16,0.15,6,607,0,1
30,1,2,166797,8,0,23975,1,17.93,0.14,7,684,0,1
27,1,3,189906,5,0,35000,5,12.99,0.18,8,642,0,0
27,0,1,192725,4,0,6000,0,10.99,0.03,6,588,1,0
29,0,4,89888,3,3,16000,2,13.11,0.18,5,673,0,1
28,0,1,205139,2,0,10000,1,11.01,0.05,5,622,1,0
30,1,2,210769,9,0,25000,5,11.01,0.12,10,639,1,0
31,0,3,215750,10,0,11200,3,14.27,0.05,5,664,0,0
30,1,0,217312,11,0,28000,4,10.65,0.13,6,673,1,0
27,0,4,126695,2,3,16000,2,11.01,0.13,8,649,1,0
30,0,1,227919,7,0,16000,2,16.35,0.07,8,685,1,0
32,0,1,226695,11,0,10000,1,10.71,0.04,7,640,0,1
31,1,3,242667,6,0,15000,2,11.12,0.06,9,643,0,0
30,0,4,304778,6,0,24000,0,14.96,0.08,7,703,0,1
35,0,4,329467,14,0,25000,3,14.59,0.08,6,638,0,1
29,0,4,12313,8,3,2600,0,12.69,0.21,7,716,0,1
34,0,4,28468,12,2,2500,5,11.01,0.09,9,680,1,0
27,0,1,47673,5,0,5000,2,18.79,0.1,10,644,0,1
27,1,0,62028,5,3,1600,4,10.59,0.03,8,638,0,0
32,1,1,59829,10,3,6300,5,9.91,0.11,6,566,1,0
34,1,1,34546,12,2,3000,2,9.99,0.09,5,696,1,0
29,1,1,71930,8,3,6000,1,7.88,0.08,8,648,1,0
30,1,3,41714,8,3,7500,2,11.01,0.18,8,617,0,1
33,0,1,37317,9,3,6000,3,19.42,0.16,9,679,0,1
29,1,0,63341,6,3,10000,5,8.0,0.16,6,603,1,0
28,0,0,61633,7,3,18500,1,16.02,0.3,5,671,0,1
27,1,2,55573,2,3,18000,5,13.16,0.32,7,650,0,1
27,1,4,145037,5,0,7000,1,7.14,0.05,7,601,1,0
32,0,1,39231,8,3,2600,0,11.01,0.07,9,683,0,1
29,1,4,34292,8,3,10000,3,12.84,0.29,7,475,0,1
27,0,1,108811,5,2,7500,5,7.51,0.07,10,682,0,0
29,0,0,98293,7,0,12000,0,11.01,0.12,6,553,0,1
27,0,0,63494,2,3,22950,3,13.49,0.36,10,551,0,1
28,1,1,40636,5,2,7500,4,15.31,0.18,10,686,1,0
28,1,3,57279,5,0,10000,3,13.61,0.17,10,656,0,1
27,0,3,79109,7,3,5000,3,13.99,0.06,7,555,1,0
31,0,1,55045,6,3,14000,4,7.91,0.25,8,661,0,1
30,1,1,34524,9,2,6300,2,11.99,0.18,8,704,0,0
29,1,1,184678,8,3,17600,0,8.7,0.1,7,681,1,0
33,1,3,44664,11,0,8500,4,11.01,0.19,8,660,0,0
28,1,3,73039,5,3,4600,0,7.88,0.06,8,620,0,0
29,0,3,89970,7,3,16000,1,13.11,0.18,6,624,0,1
31,1,3,65822,8,0,15000,2,8.49,0.23,5,624,0,1
33,0,1,29793,9,3,10000,3,8.9,0.34,10,664,0,1
27,1,4,102035,5,3,12000,3,13.16,0.12,5,691,1,0
32,1,0,35996,7,0,10000,3,15.95,0.28,9,680,0,1
35,1,1,148799,14,3,25000,2,17.19,0.17,6,690,0,1
34,0,3,62841,12,0,3500,2,11.49,0.06,7,618,1,0
29,1,0,34863,8,3,5000,4,16.07,0.14,8,661,0,1
27,1,0,216944,6,0,8000,4,13.23,0.04,9,680,1,0
28,0,1,60890,4,3,16200,2,13.99,0.27,6,581,0,1
27,1,1,102187,5,0,7000,0,7.29,0.07,10,600,0,0
29,0,1,60940,5,0,3575,2,11.49,0.06,6,676,1,0
32,1,0,134233,9,0,10400,2,9.91,0.08,7,597,0,0
37,0,0,103064,11,3,35000,2,8.9,0.34,17,656,0,1
41,1,0,577228,17,0,16000,0,7.9,0.03,17,660,0,0
47,1,0,67887,26,3,25000,3,11.01,0.37,13,658,0,1
36,0,1,210062,11,3,20000,5,17.04,0.1,16,685,0,1
49,1,0,172318,24,0,24000,3,11.01,0.14,14,591,0,1
36,1,0,178641,14,0,10000,0,14.11,0.06,13,613,0,1
40,0,0,151121,15,3,24250,0,11.01,0.16,17,653,1,0
40,1,0,55150,18,3,24000,1,10.65,0.44,11,621,0,1
39,1,4,22704,17,2,4375,3,5.42,0.19,17,640,0,1
39,1,3,77666,15,3,23500,1,14.26,0.3,13,669,0,1
46,1,0,109827,25,3,22000,2,18.79,0.2,16,642,0,1
40,1,3,201063,17,3,22000,5,10.99,0.11,13,591,0,0
36,1,4,58605,14,3,20000,3,13.61,0.34,14,503,0,1
37,1,3,79134,14,3,20000,2,16.71,0.25,17,635,0,1
45,0,3,59340,26,3,18000,3,13.85,0.3,15,568,0,1
43,1,3,108880,17,3,18000,3,13.11,0.17,12,657,0,0
39,0,1,85314,17,3,16000,3,7.9,0.19,14,635,0,0
44,0,0,33180,22,0,6200,0,6.03,0.19,16,691,1,0
41,0,0,39880,18,3,2000,1,10.99,0.05,12,667,0,1
36,0,0,447300,16,3,2000,0,11.01,0.0,14,638,0,1
36,0,0,65696,12,3,2225,2,10.59,0.03,14,636,0,1
38,1,3,97397,16,3,2500,4,10.99,0.03,13,681,0,0
39,1,3,57370,15,3,3000,3,11.49,0.05,13,677,0,0
39,1,3,67238,17,3,3000,3,10.2,0.04,15,708,0,0
36,1,3,35661,16,0,4000,1,8.49,0.11,13,619,0,1
43,0,2,43444,22,0,10000,3,10.25,0.23,13,724,1,0
38,0,0,85429,14,3,10800,0,12.21,0.13,16,640,0,0
40,1,0,35760,17,3,10500,4,7.51,0.29,16,610,0,1
40,1,0,17156,14,3,3850,0,9.99,0.22,12,689,0,1
41,0,1,29951,15,3,4000,0,16.07,0.13,14,589,0,1
36,1,4,88535,13,3,4000,4,11.12,0.05,16,656,0,0
41,0,3,90511,21,3,4000,4,16.29,0.04,12,634,1,0
38,0,1,41386,14,3,4800,5,8.49,0.12,11,640,1,0
37,1,1,67055,18,3,4800,5,8.9,0.07,13,714,1,0
37,1,3,163108,15,3,10000,5,7.74,0.06,13,699,1,0
45,0,2,41813,24,3,5000,1,11.01,0.12,11,669,0,1
38,1,3,53594,14,3,5000,4,15.65,0.09,14,639,0,1
37,0,3,49963,14,0,8000,0,15.21,0.16,13,565,0,1
38,1,0,41579,14,3,5750,3,11.01,0.14,16,647,1,0
38,1,0,23334,13,3,6000,5,15.99,0.26,12,637,0,1
38,0,4,31192,16,3,6000,0,14.59,0.19,12,631,0,1
46,0,0,58915,24,0,9600,4,11.01,0.16,17,647,1,0
50,1,0,44399,29,3,6000,3,11.01,0.14,11,712,0,0
39,1,2,51260,18,3,6000,4,17.58,0.12,12,550,0,1
40,1,0,58729,14,3,6000,5,10.08,0.1,13,594,1,0
49,1,3,60899,25,0,10000,0,9.07,0.16,15,684,1,0
38,1,0,96979,16,3,6000,4,11.83,0.06,12,674,0,0
36,1,3,90717,11,3,7000,3,6.92,0.08,17,617,1,0
37,1,4,36783,12,3,6500,3,10.37,0.18,11,667,0,0
39,0,0,63486,17,3,6500,4,11.01,0.1,12,650,1,0
39,0,3,38515,16,3,6400,4,11.49,0.17,15,575,1,0
39,0,3,40098,17,3,7000,3,11.01,0.17,16,575,1,0
46,1,0,67301,22,0,5000,3,9.91,0.07,14,687,1,0
38,0,1,67330,12,2,15600,2,7.9,0.23,15,653,1,0
41,1,0,71026,21,3,7150,4,15.99,0.1,16,701,0,1
36,0,3,62257,13,0,10000,3,15.68,0.16,16,543,0,1
38,1,0,78720,14,3,7500,4,9.63,0.1,11,663,0,0
39,0,0,142546,15,3,7500,2,13.24,0.05,14,622,0,1
44,1,1,52535,22,3,7800,0,11.01,0.15,13,598,1,0
36,1,3,73040,13,0,18200,5,18.25,0.25,15,631,1,0
40,1,1,39331,15,3,8000,0,14.96,0.2,17,635,0,1
36,0,3,61526,15,3,8000,2,10.99,0.13,17,614,1,0
41,1,3,70116,20,3,8000,4,6.03,0.11,12,569,1,0
43,0,0,72850,20,0,10000,2,9.88,0.14,16,629,0,0
36,1,3,65647,15,0,10000,3,14.93,0.15,11,625,0,1
44,1,0,73000,24,2,11800,4,8.63,0.16,12,581,1,0
44,0,3,32651,22,3,5000,1,10.0,0.15,11,718,0,0
39,0,3,74167,15,0,5500,1,7.14,0.07,15,553,0,0
39,0,2,140265,18,3,8000,5,15.27,0.06,11,708,0,1
40,0,1,54816,20,3,9000,1,8.94,0.16,13,720,0,0
37,1,3,55223,12,3,9000,4,11.71,0.16,12,667,0,1
38,0,1,28294,14,3,10000,1,13.48,0.35,16,691,0,1
45,1,0,32255,19,3,10000,3,8.49,0.31,13,620,0,1
39,0,2,82543,15,0,16000,4,13.49,0.19,13,702,1,0
37,0,0,82574,13,2,7000,5,7.29,0.08,11,641,1,0
37,0,0,85089,14,0,30000,5,10.65,0.35,14,601,1,0
37,0,0,72760,10,3,10000,3,11.01,0.14,12,669,1,0
46,0,1,65814,24,3,10000,4,11.71,0.15,15,698,0,1
50,1,0,73079,31,3,10000,5,13.49,0.14,12,730,1,0
38,1,3,92128,16,0,18125,2,14.84,0.2,12,595,1,0
39,1,4,96168,18,0,15000,0,11.71,0.16,13,631,1,0
40,1,1,49109,16,2,10000,1,11.01,0.2,16,698,0,0
37,0,0,36956,13,3,12000,5,12.42,0.32,15,650,0,1
39,0,3,97064,18,0,5600,4,13.43,0.06,13,641,0,0
36,0,3,89755,9,0,10250,1,11.48,0.11,15,644,0,1
37,1,0,102035,12,0,8225,2,12.99,0.08,11,627,1,0
36,0,3,109109,14,2,3800,2,6.03,0.03,14,580,1,0
38,1,3,94173,14,0,15000,2,15.27,0.16,17,598,0,1
36,0,1,58588,15,3,12150,4,5.79,0.21,14,551,1,0
37,0,4,94760,13,0,5600,4,10.74,0.06,12,645,0,1
42,0,0,94319,19,0,7000,0,5.42,0.07,15,704,0,1
45,0,3,36771,20,3,2700,1,12.84,0.07,17,563,1,0
38,1,2,115162,18,2,14000,2,17.74,0.12,17,632,1,0
36,0,3,52696,12,3,13600,0,15.58,0.26,12,589,0,1
41,1,1,75551,20,3,14000,2,8.9,0.19,17,651,1,0
36,1,3,121126,13,0,9350,3,7.51,0.08,14,639,1,0
48,1,3,113815,24,0,23000,0,14.96,0.2,16,567,0,1
38,1,4,51098,14,3,2000,4,10.38,0.04,17,707,0,0
45,1,3,133106,20,0,20000,4,11.11,0.15,16,670,0,0
38,1,0,37120,16,3,15000,4,14.61,0.4,15,639,0,1
45,1,1,120721,23,0,10000,0,16.0,0.08,13,673,0,1
50,1,3,145232,32,0,5575,2,15.2,0.04,13,730,1,0
36,1,3,149994,13,0,2000,0,12.99,0.01,16,685,0,0
39,0,1,30892,17,3,1500,0,14.22,0.05,13,666,0,1
40,0,0,63307,19,3,15000,1,18.62,0.24,17,664,0,1
36,0,2,73169,14,3,15000,2,13.57,0.21,12,744,0,0
45,1,2,142320,22,0,9600,1,13.99,0.07,12,745,0,1
40,0,1,159398,18,0,7500,2,7.29,0.05,15,687,1,0
36,0,3,76406,12,3,15000,1,11.71,0.2,13,677,0,1
39,0,3,154624,18,0,20000,2,13.11,0.13,15,610,0,1
36,1,3,24069,12,2,4500,2,13.49,0.19,14,583,0,1
37,0,4,174963,16,0,11375,4,10.99,0.07,14,700,0,1
44,0,1,169912,19,0,35000,3,16.49,0.21,15,634,0,1
37,1,4,223137,17,0,4000,5,10.0,0.02,11,659,0,0
47,1,0,225202,25,0,14000,2,8.9,0.06,16,649,1,0
38,1,0,46000,15,3,19750,5,13.92,0.43,16,585,0,1
37,0,1,90507,13,3,6000,4,14.26,0.07,16,570,0,0
39,1,3,48857,19,3,6000,1,14.54,0.12,11,686,0,0
50,0,0,24124,26,3,4000,0,11.01,0.17,11,705,0,1
40,0,0,84922,13,0,18000,1,7.9,0.21,14,727,0,0
38,1,0,80358,15,0,5000,0,12.92,0.06,16,643,0,1
40,0,0,56680,14,3,20000,0,14.61,0.35,13,540,0,1
38,1,3,36995,13,0,10000,2,11.22,0.27,14,641,1,0
40,0,0,67131,17,3,18000,1,7.88,0.27,14,684,0,1
41,1,3,136826,18,3,12000,4,16.0,0.09,15,645,0,1
36,1,4,112547,10,3,12000,3,13.48,0.11,13,648,1,0
37,0,2,26748,15,3,3000,3,12.18,0.11,14,747,0,0
40,1,0,52544,17,0,2500,4,12.84,0.05,14,722,1,0
38,1,0,36945,17,3,3000,3,13.85,0.08,14,695,0,1
38,0,3,48756,18,0,10000,4,5.99,0.21,17,616,1,0
43,0,3,14936,21,3,1950,1,11.01,0.13,11,636,0,1
40,1,0,40851,18,0,1000,2,11.01,0.02,15,630,0,0
42,0,0,721408,18,1,25000,2,14.74,0.03,16,656,0,0
53,0,3,84871,32,3,24000,4,16.77,0.28,20,568,0,1
62,1,3,73064,41,0,16000,4,8.9,0.22,19,667,0,0
53,1,0,29526,32,3,5000,1,14.42,0.17,27,670,0,1
61,1,3,14174,38,3,4000,4,12.21,0.28,25,633,0,1
62,0,0,75378,40,0,25000,3,13.43,0.33,28,666,0,1
61,1,3,94360,39,0,8525,4,14.54,0.09,27,673,0,1
52,1,0,196732,27,0,25000,4,14.11,0.13,30,630,0,1
51,1,0,70414,28,3,1500,3,19.03,0.02,24,731,0,1
57,1,3,94019,35,3,6625,4,7.66,0.07,27,670,1,0
60,1,3,55676,39,3,20000,5,10.0,0.36,26,634,0,1
56,1,1,181143,34,0,15000,4,11.48,0.08,26,587,1,0
28,1,1,46523,6,3,10750,5,10.75,0.23,9,717,1,0
30,1,1,157100,8,0,8509,3,12.27,0.05,5,625,1,0
30,1,0,139033,5,0,6592,5,13.43,0.05,9,606,1,0
26,1,1,68334,4,0,13000,0,8.68,0.19,4,679,1,0
33,1,0,93356,9,3,17507,3,11.52,0.19,11,664,1,0
30,1,1,85018,7,3,12000,3,7.96,0.14,7,661,0,0
30,1,4,89526,8,0,10000,2,8.92,0.11,6,727,0,0
24,0,1,60951,1,3,10000,0,12.15,0.16,3,692,1,0
31,0,1,39217,11,3,6000,3,11.6,0.15,9,658,0,0
32,1,0,181303,6,3,8000,1,11.85,0.04,6,613,1,0
36,0,0,38342,13,3,6576,1,5.68,0.17,11,655,0,0
27,1,1,101874,3,0,7212,5,10.92,0.07,10,644,1,0
26,0,1,91318,6,0,8000,5,14.92,0.09,5,590,1,0
24,0,3,48886,0,3,1000,1,7.3,0.02,3,537,1,0
24,1,3,121724,0,0,6000,4,5.93,0.05,4,638,1,0
23,1,1,95036,0,3,13952,5,13.04,0.15,3,702,0,0
24,0,1,99234,1,3,14484,1,7.89,0.15,3,559,1,0
24,1,0,156798,0,0,13000,5,12.77,0.08,4,668,1,0
26,1,3,60634,6,3,8470,2,10.95,0.14,5,653,0,0
28,0,3,84952,7,3,15000,5,15.58,0.18,8,611,1,0
25,0,1,145200,0,0,10000,1,7.76,0.07,3,626,1,0
23,1,0,49002,2,3,2000,4,11.71,0.04,3,663,0,0
28,1,4,96952,7,0,15000,2,13.45,0.15,8,715,0,0
27,1,1,50993,2,3,2400,4,11.13,0.05,5,609,0,0
24,1,4,40552,2,0,3000,5,11.35,0.07,2,622,1,0
23,0,3,91184,0,3,5000,5,11.21,0.05,4,605,1,0
31,0,1,35391,8,0,6215,4,11.87,0.18,9,646,0,0
24,1,0,139169,0,0,10660,3,13.9,0.08,4,635,1,0
30,0,3,59809,8,3,5000,3,15.05,0.08,6,620,1,0
29,0,0,63505,9,3,10800,2,9.6,0.17,8,552,1,0
37,0,0,73062,17,3,15000,2,11.64,0.21,16,701,1,0
25,0,0,87805,3,0,17000,0,7.96,0.19,4,683,1,0
24,0,1,38101,0,3,7000,1,15.66,0.18,4,649,0,0
25,1,1,100540,3,0,10000,1,8.09,0.1,4,675,1,0
24,1,0,61148,0,0,6000,4,7.6,0.1,4,616,0,0
36,1,4,173324,12,0,7865,3,12.18,0.05,11,676,1,0
26,1,3,89626,1,3,1187,0,12.53,0.01,2,610,1,0
28,1,1,270918,6,0,26319,5,13.51,0.1,6,672,1,0
25,0,3,47548,1,2,12000,5,10.38,0.25,3,642,1,0
32,0,1,40384,6,3,7500,1,11.28,0.19,9,651,0,0
27,0,1,79155,2,3,4800,2,13.02,0.06,3,649,1,0
23,0,1,65873,2,0,9000,0,12.16,0.14,4,677,1,0
22,1,0,87383,0,2,15000,4,10.08,0.17,3,682,1,0
30,0,0,51437,7,3,5500,3,8.89,0.11,6,639,1,0
29,0,3,87037,5,0,15945,4,13.58,0.18,10,660,0,0
24,1,3,102582,0,0,21905,0,7.64,0.21,4,609,0,0
26,1,0,138837,2,0,24000,2,9.78,0.17,3,679,1,0
25,0,4,87411,4,0,16000,1,9.21,0.18,4,634,1,0
29,0,3,139272,8,0,5000,2,6.32,0.04,9,635,1,0
29,0,0,145276,5,0,20000,4,11.56,0.14,6,545,1,0
25,1,3,61263,3,0,15000,0,16.15,0.24,4,632,1,0
21,1,0,93233,0,0,24213,1,11.56,0.26,3,592,1,0
28,0,1,32119,4,3,6000,4,7.15,0.19,6,596,0,0
24,1,4,79161,2,3,8000,4,9.06,0.1,3,640,0,0
30,1,4,40663,11,3,6000,4,8.88,0.15,8,716,0,0
25,1,0,92148,0,3,2753,1,8.91,0.03,6,672,1,0
28,1,4,133240,9,0,15000,2,7.9,0.11,6,665,0,0
23,1,3,56230,0,3,5758,5,9.09,0.1,4,637,1,0
25,1,4,90737,3,0,15000,0,6.99,0.17,3,635,1,0
28,0,0,81726,2,3,7500,1,9.8,0.09,7,638,0,0
29,0,3,84755,4,3,10000,2,13.0,0.12,9,689,0,0
22,1,3,66548,4,3,2500,4,11.3,0.04,4,638,1,0
25,0,4,107949,0,3,1657,4,12.06,0.02,4,696,1,0
26,0,3,108942,7,0,11054,4,10.53,0.1,4,628,0,0
25,0,4,51653,3,0,8000,4,11.05,0.15,2,616,0,0
25,0,1,45038,0,3,9172,3,14.69,0.2,5,596,0,0
24,1,3,138952,1,0,12000,1,6.41,0.09,5,638,1,0
31,0,0,104430,12,0,18279,5,11.01,0.18,5,613,1,0
41,1,1,64179,15,3,5609,4,11.0,0.09,13,662,1,0
31,1,4,48890,7,0,4750,0,9.7,0.1,8,698,1,0
33,1,4,49154,7,3,4200,3,8.99,0.09,7,675,1,0
28,0,4,62537,4,3,8000,2,9.58,0.13,9,663,0,0
29,1,1,73058,7,3,5500,2,8.51,0.08,8,714,1,0
25,0,4,41118,1,2,12192,5,12.38,0.3,4,562,1,0
24,1,1,87658,0,3,19618,2,11.51,0.22,3,610,1,0
22,1,3,38644,2,3,3000,4,11.22,0.08,4,561,1,0
31,1,1,120889,7,3,14400,1,12.54,0.12,8,635,1,0
25,1,1,94270,2,3,7083,4,7.91,0.08,4,605,1,0
25,0,3,31136,0,3,2500,0,11.32,0.08,4,584,0,0
27,1,4,44526,3,3,1443,4,13.08,0.03,7,522,1,0
27,0,4,38624,5,0,11261,5,8.15,0.29,4,585,1,0
27,1,1,61144,1,3,15000,5,10.42,0.25,5,653,1,0
29,0,3,60957,5,0,5000,3,10.96,0.08,7,693,1,0
28,1,3,51343,5,3,10000,1,10.8,0.19,7,658,1,0
24,0,1,79099,4,3,14000,3,11.77,0.18,4,669,0,0
31,1,0,98263,12,0,7197,1,9.69,0.07,8,541,1,0
32,1,0,31810,9,3,3000,3,9.7,0.09,9,599,1,0
28,0,1,65618,6,0,9135,3,9.17,0.14,10,589,0,0
28,1,0,228914,1,0,21999,5,6.91,0.1,10,659,1,0
28,1,3,59583,5,3,4170,3,8.91,0.07,7,622,0,0
23,0,3,44236,1,0,12000,3,7.73,0.27,4,611,1,0
24,0,3,79046,4,3,14000,5,8.8,0.18,3,583,1,0
26,0,3,115169,3,0,15000,5,10.97,0.13,4,630,1,0
26,1,3,90941,2,3,4000,4,12.65,0.04,2,618,1,0
30,1,1,103003,5,0,12637,4,8.97,0.12,7,543,1,0
29,1,0,32680,2,3,5000,1,7.35,0.15,6,651,0,0
25,0,0,29771,3,2,7000,1,10.07,0.24,3,664,0,0
27,0,0,62832,4,0,12000,5,9.22,0.19,6,622,1,0
24,1,3,51712,1,0,14865,5,12.97,0.29,3,662,0,0
28,1,1,259134,5,0,12711,3,8.62,0.05,4,676,0,0
40,0,3,103186,18,3,5000,2,12.57,0.05,16,684,1,0
37,0,3,61685,14,0,12706,1,7.57,0.21,13,601,1,0
25,1,1,55727,5,3,5000,4,11.13,0.09,3,678,1,0
30,0,4,51274,8,3,5000,4,11.58,0.1,10,693,0,0
34,1,4,123491,9,0,8672,1,13.38,0.07,10,720,1,0
28,1,3,57666,6,3,5000,1,10.22,0.09,6,650,0,0
26,0,1,138886,2,0,18947,4,13.22,0.14,5,599,1,0
29,1,1,106861,3,3,9000,5,7.01,0.08,10,683,0,0
66,1,1,51412,45,3,6476,3,10.05,0.13,24,733,0,0
26,0,3,66800,6,3,14000,2,9.15,0.21,4,615,1,0
28,0,1,63514,4,0,14822,2,10.78,0.23,6,634,0,0
25,0,0,70370,2,0,20819,1,11.91,0.3,6,564,1,0
31,0,3,61975,8,3,5275,4,12.77,0.09,8,563,1,0
35,1,0,44309,10,3,3000,0,5.43,0.07,6,643,0,0
24,0,4,81529,0,0,7000,1,7.95,0.09,4,680,0,0
41,0,0,55178,18,3,11200,3,7.62,0.2,10,697,0,0
32,1,1,112444,9,3,10000,1,10.64,0.09,7,589,0,0
24,1,0,113682,5,0,5000,3,11.02,0.04,3,671,1,0
24,0,3,67178,0,0,5500,5,8.6,0.08,3,637,1,0
23,1,1,192743,1,0,15068,5,9.92,0.08,4,658,1,0
26,0,3,85181,1,3,11000,0,6.74,0.13,4,566,1,0
24,1,3,92075,0,0,20000,1,9.11,0.22,3,546,1,0
36,0,3,33461,11,2,4500,5,7.66,0.13,13,672,0,0
26,1,3,211051,0,0,20156,4,14.14,0.1,3,645,1,0
35,0,0,129915,13,0,13158,5,10.56,0.1,13,597,1,0
40,0,3,80462,17,3,13754,1,10.7,0.17,9,549,1,0
27,1,1,29015,4,3,4867,5,13.02,0.17,6,574,0,0
25,1,3,44440,3,3,10000,4,10.76,0.23,2,589,0,0
24,1,4,93285,5,0,12000,0,8.34,0.13,4,668,1,0
23,1,0,31046,0,3,5542,5,10.07,0.18,4,549,1,0
28,1,0,120890,2,0,10000,3,12.17,0.08,9,565,1,0
26,1,0,73166,3,0,5000,5,7.17,0.07,2,629,0,0
27,1,3,64669,3,0,2500,0,9.91,0.04,3,646,0,0
24,0,1,89293,1,0,7000,1,6.99,0.08,4,683,0,0
26,0,0,79087,3,0,7200,5,11.65,0.09,6,566,1,0
22,0,3,84080,0,3,6000,5,13.23,0.07,3,561,1,0
22,0,1,48834,0,3,6000,1,8.19,0.12,4,654,1,0
34,1,0,170142,12,0,10000,4,14.58,0.06,12,655,0,0
32,1,0,89642,8,0,5000,3,10.65,0.06,10,589,1,0
29,1,4,120762,7,3,10000,5,9.21,0.08,9,572,1,0
24,0,3,58573,0,3,2800,5,12.53,0.05,4,647,1,0
24,1,0,71832,0,3,7377,1,7.39,0.1,2,553,1,0
35,1,4,81423,12,0,10000,2,10.58,0.12,11,608,1,0
26,1,1,45379,1,3,3585,1,11.89,0.08,4,492,1,0
31,0,4,73089,5,3,8000,3,8.93,0.11,6,633,0,0
26,1,4,58445,6,3,6000,1,9.78,0.1,4,701,0,0
26,1,3,98598,1,3,8371,4,9.57,0.08,6,656,1,0
26,1,0,54717,1,3,2476,3,12.28,0.05,5,673,0,0
28,0,1,42847,6,3,4250,4,14.7,0.1,6,619,1,0
25,0,0,40975,1,3,3235,5,7.03,0.08,4,568,0,0
31,0,4,65792,12,0,20870,5,9.16,0.32,9,698,0,0
23,1,3,70049,0,0,6000,3,10.1,0.09,3,646,1,0
34,1,4,59369,9,0,5000,3,7.51,0.08,9,714,1,0
25,0,3,57091,0,0,15000,3,8.91,0.26,5,596,1,0
25,1,1,108981,2,0,5000,5,7.23,0.05,4,624,0,0
36,1,1,96613,10,0,10000,5,7.35,0.1,11,654,0,0
30,1,4,68826,11,0,12000,5,8.56,0.17,9,576,0,0
24,1,1,144841,2,0,20000,2,11.7,0.14,4,604,1,0
39,1,3,1076036,17,0,23116,4,12.17,0.02,15,661,0,0
37,1,3,99227,12,3,5000,4,8.8,0.05,10,659,1,0
21,0,1,55336,0,3,10000,1,7.05,0.18,4,612,1,0
27,0,1,84934,6,0,12000,5,10.49,0.14,9,622,0,0
26,1,1,51430,3,3,11500,1,13.79,0.22,4,672,1,0
27,1,3,83022,2,3,3000,3,8.57,0.04,7,495,1,0
22,1,1,110417,2,0,8000,4,6.92,0.07,4,678,1,0
23,0,0,99148,0,0,10967,4,10.77,0.11,3,663,1,0
24,1,4,132735,2,0,18000,3,12.09,0.14,4,650,1,0
34,0,0,79105,9,0,5000,2,10.65,0.06,9,659,1,0
22,0,3,95675,0,0,10000,0,8.71,0.1,2,675,1,0
28,0,1,61096,4,0,4000,0,12.56,0.07,7,631,0,0
24,1,3,91148,3,3,8000,3,8.11,0.09,3,648,0,0
24,1,4,29713,2,2,6000,3,14.56,0.2,3,688,0,0
25,1,0,82568,6,0,6000,1,11.22,0.07,3,660,0,0
24,1,3,29666,2,3,3994,5,12.62,0.13,3,696,1,0
23,1,3,50175,1,3,4780,3,11.09,0.1,3,669,1,0
24,1,1,57786,3,3,10000,4,11.73,0.17,3,651,1,0
34,0,1,29223,11,3,5000,1,13.81,0.17,10,597,1,0
24,0,1,64533,0,3,2038,4,9.25,0.03,4,586,0,0
25,1,1,85257,2,3,6000,4,6.37,0.07,3,657,0,0
31,1,0,87586,7,3,4392,1,6.1,0.05,7,685,1,0
29,0,4,32380,4,3,7000,3,10.06,0.22,8,685,1,0
24,1,4,40517,0,3,4000,0,11.35,0.1,3,686,1,0
26,1,0,57073,4,3,8000,1,10.18,0.14,4,655,1,0
31,1,4,363682,7,0,35000,0,13.81,0.1,10,716,1,0
24,1,3,138890,0,3,35000,1,16.69,0.25,4,619,1,0
28,0,1,169072,9,3,12000,0,8.08,0.07,8,565,1,0
33,1,1,60920,8,3,3600,1,13.23,0.06,9,615,1,0
27,1,4,87072,5,0,16000,5,10.59,0.18,4,647,1,0
35,1,0,76655,13,0,15000,3,10.99,0.2,10,601,1,0
22,1,0,29427,0,3,6000,3,11.27,0.2,3,665,1,0
36,1,0,97225,16,0,15000,4,8.4,0.15,13,677,1,0
32,0,4,83707,9,3,4830,3,11.48,0.06,6,633,0,0
27,0,0,60928,3,0,7500,4,10.99,0.12,3,569,1,0
24,1,0,133026,0,0,25000,4,10.78,0.19,3,571,1,0
28,1,1,35086,3,3,1439,3,9.27,0.04,5,705,1,0
31,1,0,154534,7,0,11214,1,10.34,0.07,7,609,1,0
33,0,4,151120,12,3,20036,0,8.01,0.13,8,633,1,0
26,1,4,52488,1,3,7000,3,7.88,0.13,4,482,1,0
30,0,1,77654,9,3,18000,5,8.96,0.23,8,647,1,0
24,0,3,44584,0,3,6500,3,6.12,0.15,3,634,1,0
30,1,0,31562,5,3,6597,3,10.47,0.21,7,669,0,0
28,0,0,75758,3,0,3824,2,6.89,0.05,6,669,0,0
23,1,3,87486,1,0,5000,1,12.53,0.06,3,682,1,0
26,0,1,82438,7,0,6000,1,12.32,0.07,5,662,1,0
23,0,4,80808,1,0,7000,0,7.78,0.09,4,629,0,0
29,1,3,61063,7,3,13000,2,11.46,0.21,5,528,1,0
25,0,3,78616,0,3,6000,1,13.87,0.08,3,632,1,0
37,1,3,37670,14,3,3600,5,7.65,0.1,12,623,1,0
25,0,4,34666,3,3,1000,3,11.56,0.03,4,692,0,0
29,1,0,73144,4,0,20000,3,7.74,0.27,8,648,0,0
26,0,3,125657,4,0,14000,4,11.51,0.11,4,618,1,0
22,0,3,44043,0,3,18401,4,11.18,0.42,3,687,0,1
38,1,3,66466,16,3,9976,4,15.14,0.15,15,707,0,1
23,1,1,80565,0,0,30000,3,14.48,0.37,3,661,0,1
37,1,0,58528,9,3,14737,4,11.05,0.25,11,627,0,1
24,1,4,42006,0,3,9000,0,16.46,0.21,3,648,0,1
27,0,0,56208,5,3,8659,1,10.87,0.15,8,623,0,1
23,1,1,15612,4,3,3000,1,8.74,0.19,3,676,0,1
27,1,4,19894,8,3,5466,4,8.44,0.27,4,681,0,1
24,1,3,39527,0,3,15000,1,13.09,0.38,3,655,0,1
30,0,1,91022,10,3,25000,0,14.69,0.27,5,661,0,1
32,1,0,92967,10,0,15000,0,11.3,0.16,6,601,0,1
31,1,0,54802,12,3,5000,3,11.36,0.09,10,650,0,1
27,1,1,68978,7,3,12000,3,15.86,0.17,7,589,0,1
27,0,4,98200,5,3,29154,0,11.89,0.3,6,628,0,1
25,1,4,166588,2,0,20000,0,15.94,0.12,4,659,0,1
28,1,4,99300,8,3,16750,5,20.0,0.17,8,726,0,1
24,0,0,66505,1,3,20000,2,16.88,0.3,4,619,0,1
26,0,3,51520,2,3,4856,1,13.37,0.09,3,646,0,1
25,1,1,35403,0,3,3898,4,15.11,0.11,6,627,0,1
22,1,3,32784,3,3,10000,4,15.41,0.31,2,525,0,1
30,1,0,37481,8,3,20134,5,14.21,0.54,5,613,0,1
27,1,4,83270,1,3,20674,0,12.14,0.25,7,709,0,1
41,1,3,73104,16,3,10000,3,14.42,0.14,16,626,0,1
32,1,4,190438,9,0,10374,0,15.51,0.05,8,516,0,1
26,1,1,65534,5,3,13200,2,14.91,0.2,2,580,0,1
24,0,1,23146,0,3,4500,1,9.3,0.19,3,667,0,1
27,0,1,68911,4,3,7388,1,10.29,0.11,5,624,0,1
40,1,4,87868,17,3,25000,3,18.17,0.28,13,544,0,1
23,0,4,73056,2,3,25454,4,11.0,0.35,3,578,0,1
32,1,3,24196,4,3,8397,0,8.42,0.35,8,550,0,1
26,0,1,22664,1,3,8619,0,13.57,0.38,3,618,0,1
27,0,0,127479,4,0,34121,1,17.44,0.27,5,587,0,1
25,0,0,77829,2,0,14000,0,14.89,0.18,3,668,0,1
24,1,0,8277,1,3,1168,5,11.78,0.14,3,600,0,1
25,1,4,36620,0,3,5212,4,17.29,0.14,4,584,0,1
25,0,0,71874,2,3,3468,1,14.12,0.05,2,595,0,1
23,1,0,55093,2,3,15000,0,10.52,0.27,4,646,0,1
23,1,3,53626,3,3,12000,0,14.17,0.22,2,689,0,1
25,0,3,53780,4,3,10000,5,15.65,0.19,4,577,0,1
25,0,1,92385,4,3,18000,1,13.69,0.19,6,603,0,1
22,1,0,72012,0,3,5000,1,12.72,0.07,3,599,0,1
23,0,4,43957,0,3,4000,3,13.27,0.09,4,616,0,1
25,1,1,24072,5,3,6250,2,14.8,0.26,3,663,0,1
26,1,2,41087,6,3,13000,3,13.09,0.32,2,663,0,1
27,0,4,31426,3,3,1271,0,13.83,0.04,5,572,0,1
34,0,0,75172,10,3,13000,3,9.54,0.17,10,556,0,1
30,0,0,138590,6,0,19998,0,14.52,0.14,8,667,0,1
22,1,3,35243,0,3,3827,4,15.94,0.11,4,617,0,1
25,1,1,63384,5,3,21864,4,10.04,0.34,2,556,0,1
23,0,1,43250,2,3,5000,1,12.98,0.12,3,567,0,1
28,0,0,73579,2,3,3023,3,11.08,0.04,10,548,0,1
30,0,1,54313,10,3,4199,1,14.8,0.08,8,602,0,1
28,0,3,234419,2,0,17936,3,13.77,0.08,7,621,0,1
23,1,0,50123,0,3,3606,3,16.51,0.07,4,663,0,1
35,1,1,41679,12,3,12000,4,11.2,0.29,12,664,0,1
23,0,1,23013,0,3,5401,3,15.28,0.23,4,663,0,1
30,1,0,724035,7,0,24623,4,9.16,0.03,10,689,0,1
30,0,1,51359,4,3,10000,5,12.16,0.19,5,663,0,1
22,0,3,22543,0,3,3579,2,11.54,0.16,3,632,0,1
22,1,4,54062,0,3,4500,0,9.79,0.08,3,567,0,1
25,1,3,41812,3,0,12147,4,9.37,0.29,4,676,0,1
23,0,3,24007,0,3,6000,3,13.59,0.25,3,598,0,1
22,0,1,37149,0,3,10000,4,10.57,0.27,4,610,0,1
25,1,4,28752,0,3,8000,1,13.54,0.28,3,676,0,1
22,1,1,37084,1,3,10000,4,10.31,0.27,4,609,0,1
27,1,3,47674,1,3,5605,2,16.45,0.12,4,615,0,1
31,0,0,62343,10,0,13051,3,16.26,0.21,7,599,0,1
25,0,3,44083,2,3,12242,3,10.83,0.28,4,702,0,1
24,1,4,51389,0,3,2005,0,15.05,0.04,3,599,0,1
22,1,1,15696,0,3,4000,5,10.99,0.25,4,637,0,1
25,1,4,33753,1,3,11224,0,15.33,0.33,7,636,0,1
33,0,4,30040,8,3,1000,3,14.91,0.03,6,683,0,1
23,1,1,73017,0,3,25129,4,12.26,0.34,3,673,0,1
30,0,0,108376,5,3,20627,3,15.01,0.19,5,634,0,1
24,0,3,77729,2,0,5000,0,15.62,0.06,3,548,0,1
24,1,3,72096,2,3,21000,3,11.16,0.29,5,670,0,1
23,0,3,61054,0,0,13357,0,14.65,0.22,3,603,0,1
33,0,0,212136,10,0,22320,0,15.84,0.11,12,634,0,1
32,0,0,34492,11,0,5987,3,15.17,0.17,9,670,0,1
35,0,3,106164,13,3,28000,3,18.28,0.26,10,657,0,1
30,0,4,84071,5,3,8566,2,11.42,0.1,5,656,0,1
22,1,3,42160,0,3,9600,1,16.96,0.23,3,611,0,1
24,1,1,72090,3,3,20000,3,15.43,0.28,4,673,0,1
24,0,0,92275,0,0,20000,2,15.11,0.22,5,588,0,1
35,1,1,22673,13,3,3000,4,10.53,0.13,8,680,0,1
32,1,0,34006,12,3,5000,3,11.08,0.15,9,727,0,1
29,1,3,46800,9,3,1500,3,12.53,0.03,8,694,0,1
24,0,1,96852,1,0,6182,4,12.77,0.06,3,602,0,1
36,1,1,70769,13,0,9588,3,16.68,0.14,14,703,0,1
28,0,3,30847,5,3,12000,4,10.26,0.39,8,617,0,1
24,1,4,35473,0,3,8000,1,13.84,0.23,2,514,0,1
34,0,4,46045,14,3,12157,1,15.08,0.26,12,645,0,1
24,0,3,15981,0,3,2500,5,12.35,0.16,2,593,0,1
27,1,1,84450,2,0,20000,0,13.87,0.24,4,680,0,1
23,1,1,24079,0,3,6000,2,10.19,0.25,3,640,0,1
26,0,1,112360,7,0,20000,3,13.95,0.18,6,495,0,1
26,0,1,79010,5,3,20000,3,11.87,0.25,3,665,0,1
34,1,1,88533,12,0,7500,4,15.66,0.08,6,621,0,1
27,0,3,57608,0,3,15000,5,8.72,0.26,10,609,0,1
30,1,4,13829,4,3,2435,1,9.99,0.18,7,622,0,1
26,0,0,71556,3,1,12000,3,12.57,0.17,4,632,0,1
24,1,1,40759,0,3,3479,2,9.01,0.09,3,695,0,1
30,1,4,25015,7,3,6836,4,12.52,0.27,6,654,0,1
29,1,3,38124,4,3,3000,3,9.05,0.08,6,604,0,1
26,0,3,40723,5,3,3000,1,11.97,0.07,4,640,0,1
24,1,1,42349,0,3,5000,1,12.71,0.12,2,653,0,1
28,1,4,130482,2,3,12486,2,13.43,0.1,7,687,0,1
32,0,1,53808,11,3,2000,4,15.36,0.04,10,506,0,1
27,0,1,84197,3,3,9000,1,7.06,0.11,6,592,0,1
26,0,1,62258,3,0,13000,3,15.37,0.21,3,619,0,1
27,1,0,29631,6,3,7706,3,9.28,0.26,5,650,0,1
33,0,0,21199,11,3,3459,2,8.36,0.16,10,668,0,1
40,0,4,76568,15,0,9600,3,11.01,0.13,11,613,0,1
29,0,4,46801,5,3,15526,1,12.43,0.33,6,697,0,1
33,1,0,94439,9,0,20000,2,14.64,0.21,11,599,0,1
23,1,3,85993,1,0,3200,0,10.52,0.04,4,607,0,1
30,0,0,18769,11,3,2676,0,13.59,0.14,7,562,0,1
35,0,0,51304,16,3,21000,1,8.47,0.41,11,683,0,1
27,1,0,80462,3,3,10063,1,15.09,0.13,5,663,0,1
36,0,3,113714,10,0,24780,5,13.76,0.22,14,686,0,1
32,1,1,44035,8,0,7000,0,7.58,0.16,5,678,0,1
42,1,3,47152,22,3,13000,0,11.01,0.28,14,669,0,1
23,0,1,24161,0,3,3000,4,12.38,0.12,2,676,0,1
26,0,0,19119,6,3,4793,4,8.58,0.25,4,581,0,1
24,1,1,39245,4,3,8487,2,16.45,0.22,5,647,0,1
27,0,3,22680,3,3,8346,1,13.03,0.37,6,575,0,1
26,1,3,37908,4,3,14724,3,12.25,0.39,5,640,0,1
28,0,1,87568,6,3,24000,3,14.91,0.27,11,676,0,1
23,1,0,22408,4,3,3235,4,11.79,0.14,2,630,0,1
30,0,0,29987,9,3,5000,3,11.01,0.17,9,566,0,1
24,1,0,39858,2,3,1547,3,11.8,0.04,3,626,0,1
23,0,4,55900,0,3,17244,0,10.14,0.31,3,667,0,1
29,0,0,71791,4,3,20000,2,19.32,0.28,5,631,0,1
25,0,1,24257,3,2,6000,4,7.01,0.25,3,557,0,1
25,0,1,48873,2,3,16000,1,12.57,0.33,4,662,0,1
32,0,1,46379,11,3,4797,0,10.37,0.1,6,674,0,1
23,0,3,53571,0,3,5000,3,6.47,0.09,4,595,0,1
30,0,4,60657,5,0,2000,3,12.85,0.03,7,676,0,1
23,1,3,19196,0,3,2508,5,12.43,0.13,3,591,0,1
26,1,3,42945,3,3,14566,0,10.76,0.34,3,579,0,1
28,0,0,117229,5,3,35000,5,14.69,0.3,6,609,0,1
24,0,4,90837,3,3,25000,5,10.33,0.28,4,694,0,1
25,0,0,36013,3,3,4000,3,11.69,0.11,3,565,0,1
22,1,1,71885,0,0,5000,1,9.22,0.07,2,686,0,1
27,1,1,36851,5,3,14500,5,12.45,0.39,7,693,0,1
29,1,0,34741,8,3,9528,0,10.2,0.27,5,687,0,1
23,0,1,47229,2,3,13000,1,11.56,0.28,4,579,0,1
34,0,1,38222,12,3,8000,3,14.15,0.21,11,678,0,1
27,1,4,58452,3,3,24977,5,10.6,0.43,7,676,0,1
24,1,0,56526,2,3,29227,1,13.75,0.52,2,642,0,1
28,0,0,62977,6,3,3062,2,14.96,0.05,7,595,0,1
27,1,4,79825,1,3,10076,3,15.3,0.13,5,685,0,1
27,1,1,118599,7,3,15693,0,14.67,0.13,3,591,0,1
25,1,1,37253,0,3,12000,0,10.95,0.32,6,674,0,1
33,1,3,59574,5,3,3000,0,15.95,0.05,7,639,0,1
37,1,0,106643,14,3,25000,4,19.66,0.23,15,597,0,1
27,0,4,51337,4,0,3139,0,14.69,0.06,7,625,0,1
29,1,3,22914,8,3,3501,5,14.22,0.15,6,541,0,1
27,1,3,95878,8,0,15000,3,13.82,0.16,5,555,0,1
25,1,1,38285,2,0,13480,1,13.2,0.35,5,603,0,1
35,1,3,61139,12,3,17526,4,12.85,0.29,5,629,0,1
30,1,1,26516,6,3,10000,5,11.61,0.38,6,604,0,1
24,0,1,106647,0,0,4388,2,8.64,0.04,4,650,0,1
27,0,4,50794,5,3,11091,0,14.65,0.22,5,664,0,1
42,1,0,92547,18,0,20000,2,17.48,0.22,12,694,0,1
32,1,1,91497,6,0,19672,2,13.38,0.21,8,582,0,1
24,1,0,46798,1,3,12000,4,12.65,0.26,3,675,0,1
29,0,1,23827,8,3,4000,0,9.46,0.17,6,687,0,1
35,1,1,52572,8,3,13540,3,14.81,0.26,12,586,0,1
24,1,1,36008,0,3,1494,4,14.13,0.04,3,680,0,1
30,0,0,83357,8,3,22165,3,17.0,0.27,5,525,0,1
32,0,1,96888,11,3,35000,3,12.45,0.36,13,569,0,1
29,1,1,93470,4,0,15000,0,13.27,0.16,4,658,0,1
28,0,0,74580,4,3,7708,3,11.14,0.1,8,662,0,1
26,1,1,36959,4,3,2432,2,15.09,0.07,8,605,0,1
29,0,4,41837,2,3,8994,2,10.99,0.21,9,666,0,1
23,1,0,26730,0,3,4500,2,13.8,0.17,2,641,0,1
43,1,3,74422,17,3,11026,0,15.97,0.15,12,699,0,1
22,1,0,15307,0,3,4146,3,13.57,0.27,4,661,0,1
26,1,3,40982,2,3,11047,0,14.85,0.27,5,564,0,1
43,1,2,38812,16,3,8746,3,15.62,0.23,9,722,0,1
22,0,4,59009,0,3,15000,4,15.7,0.25,4,695,0,1
27,0,0,23296,4,3,5000,1,10.38,0.21,7,593,0,1
30,1,1,52564,7,3,10000,3,16.5,0.19,6,672,0,1
22,1,3,10919,1,3,2143,0,7.85,0.2,2,652,0,1
23,0,0,24038,0,3,6233,2,8.22,0.26,3,667,0,1
25,0,1,122185,0,0,25000,0,16.69,0.2,4,611,0,1
30,0,0,18114,8,3,1120,5,13.79,0.06,8,685,0,1
24,1,1,90288,0,0,10000,5,15.34,0.11,3,640,0,1
25,1,0,32448,2,3,12235,5,11.48,0.38,3,552,0,1
23,0,0,42040,0,3,1027,0,10.86,0.02,3,562,0,1
29,1,4,68341,7,3,3080,0,12.01,0.05,9,564,0,1
28,0,4,40419,0,3,3164,2,14.1,0.08,6,632,0,1
24,0,3,31287,0,3,4000,3,16.49,0.13,3,588,0,1
22,1,0,19657,0,3,3177,2,14.61,0.16,4,676,0,1
32,1,4,53280,8,3,15000,3,6.8,0.28,6,644,0,1
39,1,4,67085,16,3,24000,0,12.53,0.36,12,705,0,1
29,1,3,66156,7,3,5000,0,15.41,0.08,7,565,0,1
25,0,0,65837,1,3,3469,1,12.81,0.05,3,688,0,1
25,1,1,35310,6,3,8640,3,12.83,0.24,3,683,0,1
23,0,3,78997,0,3,20000,2,11.39,0.25,3,577,0,1
27,1,4,54041,8,3,2441,3,7.84,0.05,6,570,0,1
27,0,1,83561,2,3,6000,0,15.37,0.07,7,639,0,1
30,0,1,35674,5,3,10000,0,15.8,0.28,10,732,0,1
23,0,1,36989,0,3,4000,3,15.22,0.11,2,648,0,1
26,0,1,37119,5,3,5000,0,9.23,0.13,4,657,0,1
25,0,0,36964,0,3,10282,4,10.62,0.28,3,668,0,1
25,0,4,51328,4,3,6887,3,17.07,0.13,3,706,0,1
23,0,4,39322,3,3,5000,2,11.95,0.13,4,622,0,1
28,1,3,121751,2,3,20497,2,17.4,0.17,5,637,0,1
24,0,4,62230,2,3,20115,1,14.03,0.32,4,696,0,1
29,0,3,13972,5,3,2241,3,10.5,0.16,7,615,0,1
24,1,1,51912,2,3,18250,5,12.5,0.35,4,652,0,1
32,0,3,44747,8,3,19718,2,12.2,0.44,8,580,0,1
25,0,1,117059,6,0,20000,4,11.31,0.17,3,639,0,1
25,0,0,41333,0,3,5000,4,11.35,0.12,3,585,0,1
30,1,4,29585,9,3,9969,3,10.27,0.34,8,687,0,1
30,0,0,60193,10,3,3000,0,14.72,0.05,6,625,0,1
38,1,0,77957,14,3,23610,2,13.48,0.3,12,707,0,1
28,1,3,62180,7,3,20400,1,17.74,0.33,6,502,0,1
23,1,1,22792,0,3,4000,3,11.34,0.18,4,640,0,1
22,0,3,41694,0,3,7793,0,14.0,0.19,2,663,0,1
23,0,3,53749,0,3,5000,3,11.25,0.09,3,625,0,1
39,0,3,47778,18,3,5904,5,13.58,0.12,10,696,0,1
29,1,1,30584,6,3,12262,5,9.59,0.4,9,605,0,1
26,1,1,56976,2,3,4000,4,16.13,0.07,5,624,0,1
28,1,3,88177,1,3,29841,1,11.06,0.34,6,620,0,1
23,0,0,22429,2,3,3511,5,13.66,0.16,3,619,0,1
22,1,4,39534,0,3,1820,1,12.6,0.05,4,701,0,1
23,1,0,56418,2,3,10000,3,12.82,0.18,3,673,0,1
25,0,1,40665,1,3,13478,0,12.06,0.33,4,599,0,1
21,1,3,30903,0,3,5000,0,11.39,0.16,4,567,0,1
27,0,3,72507,1,0,6000,1,16.13,0.08,6,620,0,1
27,0,4,47147,7,3,12000,4,8.99,0.25,5,672,0,1
35,0,1,37213,13,3,10131,3,11.83,0.27,11,575,0,1
30,1,3,24052,8,2,7000,2,15.78,0.29,5,590,0,1
35,0,4,68525,14,3,21901,2,13.36,0.32,13,668,0,1
25,0,0,73039,2,3,20000,1,10.89,0.27,4,573,0,1
22,1,1,37054,0,3,5000,1,10.34,0.13,4,562,0,1
26,0,0,205769,7,3,16730,0,12.4,0.08,8,682,0,1
23,1,1,46601,1,3,13000,1,11.16,0.28,4,649,0,1
25,1,0,138974,2,3,5000,3,13.11,0.04,3,663,0,1
25,1,3,48228,2,3,15000,1,12.62,0.31,3,609,0,1
22,1,1,80528,1,3,7814,3,17.11,0.1,4,636,0,1
24,1,0,51061,3,3,6000,4,14.29,0.12,4,553,0,1
35,1,1,36944,10,3,5532,4,10.83,0.15,13,672,0,1
26,0,0,18101,4,3,2570,4,15.59,0.14,7,648,0,1
34,1,0,36624,10,3,12000,0,8.9,0.33,8,617,0,1
39,1,4,67306,15,3,29925,2,13.74,0.44,16,723,0,1
24,0,0,29772,2,3,3572,3,9.19,0.12,4,597,0,1
31,1,1,43032,8,3,12000,0,7.46,0.28,10,595,0,1
28,0,1,41846,6,3,5000,4,7.91,0.12,5,588,0,1
30,0,3,66061,7,3,23873,4,15.71,0.36,8,677,0,1
25,1,3,86195,3,3,2636,0,15.04,0.03,3,488,0,1
34,1,4,71692,13,0,12000,3,20.0,0.17,10,663,0,1
34,1,4,56331,14,3,14326,4,10.04,0.25,8,676,0,1
25,1,3,61090,5,3,25000,5,12.57,0.41,5,551,0,1
24,1,1,55842,0,3,12819,3,18.87,0.23,2,609,0,1
26,1,1,70538,4,3,19979,0,10.59,0.28,3,618,0,1
27,1,0,256529,5,0,35000,3,13.54,0.14,4,684,0,1
27,1,0,102329,4,0,2669,0,11.04,0.03,5,662,0,1
24,1,3,49116,0,3,14000,1,15.29,0.29,4,559,0,1
22,1,1,75942,2,3,24000,1,15.18,0.32,3,636,0,1
36,1,1,50902,12,3,20897,1,8.12,0.41,11,662,0,1
27,0,0,28676,6,3,8550,2,10.73,0.3,7,664,0,1
28,0,3,72179,6,0,7879,0,11.0,0.11,10,573,0,1
36,1,0,30947,11,3,6216,3,10.13,0.2,14,590,0,1
42,0,3,100310,21,1,12000,1,16.16,0.12,14,665,0,1
32,0,4,86519,10,3,2798,0,19.11,0.03,10,674,0,1
24,1,3,65905,0,3,4500,3,8.51,0.07,3,619,0,1
31,1,1,53738,9,3,12000,0,13.3,0.22,7,605,0,1
24,1,0,41704,0,3,9000,0,15.66,0.22,4,668,0,1
27,1,1,53273,6,0,9061,1,14.02,0.17,4,712,0,1
22,0,0,37116,1,3,13176,0,13.73,0.35,3,509,0,1
25,0,3,91444,1,0,5696,0,15.49,0.06,4,604,0,1
36,0,0,61015,12,3,18000,4,13.8,0.3,12,718,0,1
33,1,0,56942,7,3,2771,0,10.02,0.05,10,668,0,1
24,1,3,51609,1,3,6665,0,17.05,0.13,3,628,0,1
